[2m
  🧠 Let[0m[2m me start[0m[2m by understanding[0m[2m the codebase[0m[2m and[0m[2m the issues[0m[2m described.[0m[2m I need[0m[2m to:[0m[2m
     
     1.[0m[2m Read the[0m[2m checkout[0m[2m.py,[0m[2m inventory.py[0m[2m, payments[0m[2m.py,[0m[2m and main[0m[2m.py files[0m[2m
     2[0m[2m. Understand[0m[2m the current[0m[2m implementation[0m[2m
     3.[0m[2m Run main[0m[2m.py to[0m[2m reproduce the[0m[2m issues[0m[2m
     4.[0m[2m Fix the[0m[2m race[0m[2m conditions[0m[2m and logic[0m[2m errors[0m[2m
     
     Let[0m[2m me first[0m[2m list[0m[2m the files[0m[2m and read[0m[2m them.[0m[2m
  🔄 Prepare tool parameters...[0m[2m
  🧰 functions.LS:0 | LS {'path': '.'}
[0m[2m
  🔠 functions.LS:0 Executed
[0m[2m
  🧠 Let[0m[2m me read[0m[2m all the[0m[2m relevant[0m[2m files to[0m[2m understand the[0m[2m current implementation[0m[2m.[0m[2m
  🔄 Prepare tool parameters...[0m[2m
  🔄 Prepare tool parameters...[0m[2m
  🔄 Prepare tool parameters...[0m[2m
  🔄 Prepare tool parameters...[0m[2m
  🧰 functions.Read:1 | Read {'path': 'checkout.py'}
[0m[2m
  🧰 functions.Read:2 | Read {'path': 'inventory.py'}
[0m[2m
  🧰 functions.Read:3 | Read {'path': 'payments.py'}
[0m[2m
  🧰 functions.Read:4 | Read {'path': 'main.py'}
[0m[2m
  🔠 functions.Read:1 Executed
[0m[2m
  🔠 functions.Read:2 Executed
[0m[2m
  🔠 functions.Read:4 Executed
[0m[2m
  🔠 functions.Read:3 Executed
[0m[2m
  🧠 Now[0m[2m I understand[0m[2m the issues[0m[2m. Let[0m[2m me analyze[0m[2m them:[0m[2m
     
     1.[0m[2m **O[0m[2mverselling[0m[2m ([0m[2mnegative[0m[2m inventory)[0m[2m**: In[0m[2m `checkout[0m[2m.py`,[0m[2m there's[0m[2m a TO[0m[2mCT[0m[2mOU ([0m[2mTime-of[0m[2m-Check[0m[2m-Time[0m[2m-of-[0m[2mUse)[0m[2m race condition[0m[2m.[0m[2m `[0m[2mcheck_stock[0m[2m` checks[0m[2m if[0m[2m stock >=[0m[2m quantity,[0m[2m then later[0m[2m `de[0m[2mcrement`[0m[2m checks[0m[2m again.[0m[2m But between[0m[2m `[0m[2mcheck_stock[0m[2m` returning[0m[2m True[0m[2m and `[0m[2mdecrement[0m[2m` being[0m[2m called,[0m[2m another cor[0m[2moutine might[0m[2m have decre[0m[2mmented the[0m[2m stock.[0m[2m Additionally[0m[2m, `[0m[2mde[0m[2mcrement`[0m[2m itself has[0m[2m a TO[0m[2mCTOU[0m[2m because[0m[2m it[0m[2m checks[0m[2m `self[0m[2m._stock[0m[2m >= quantity[0m[2m`,[0m[2m then subtract[0m[2ms.[0m[2m Multiple[0m[2m concurrent tasks[0m[2m could pass[0m[2m this[0m[2m check simultaneously[0m[2m because[0m[2m there's[0m[2m no synchronization[0m[2m.[0m[2m The `[0m[2masync[0m[2mio[0m[2m.sleep`[0m[2m sim[0m[2mulates network[0m[2m latency,[0m[2m allowing[0m[2m task[0m[2m switching[0m[2m.
     
     2[0m[2m. **[0m[2mGhost charges[0m[2m**: In[0m[2m `checkout[0m[2m.py`,[0m[2m if `[0m[2mcheck_stock[0m[2m` returns[0m[2m True and[0m[2m `charge[0m[2m` succeeds[0m[2m, but[0m[2m then[0m[2m `de[0m[2mcrement`[0m[2m returns False[0m[2m (because[0m[2m stock was[0m[2m used[0m[2m by another[0m[2m concurrent order[0m[2m), the[0m[2m customer is[0m[2m charged but[0m[2m gets[0m[2m no item[0m[2m. The[0m[2m function[0m[2m just[0m[2m returns False[0m[2m without refund[0m[2ming.[0m[2m
     
     3.[0m[2m **Duplicate[0m[2m charges**:[0m[2m In[0m[2m `payments[0m[2m.py`,[0m[2m there's[0m[2m no check[0m[2m for[0m[2m duplicate order[0m[2m_id charges[0m[2m. The[0m[2m same order[0m[2m could[0m[2m be charged[0m[2m multiple times[0m[2m if `[0m[2mcheckout`[0m[2m is called[0m[2m multiple times[0m[2m with the[0m[2m same order[0m[2m_id.[0m[2m
     
     Wait,[0m[2m let me[0m[2m re-read[0m[2m the requirements[0m[2m:
     -[0m[2m Inventory never[0m[2m goes below[0m[2m zero[0m[2m
     - Every[0m[2m successful charge[0m[2m corresponds to[0m[2m exactly one[0m[2m item delivered[0m[2m
     -[0m[2m No order[0m[2m is charged[0m[2m more than[0m[2m once[0m[2m
     
     The duplicate[0m[2m charges issue[0m[2m is[0m[2m about[0m[2m the[0m[2m same order[0m[2m_id being[0m[2m charged multiple[0m[2m times.[0m[2m The[0m[2m main.py[0m[2m doesn't explicitly[0m[2m retry[0m[2m orders[0m[2m, but[0m[2m if[0m[2m it[0m[2m did[0m[2m, or[0m[2m if the[0m[2m test[0m[2m uses[0m[2m same[0m[2m order_id[0m[2m, we'd[0m[2m see[0m[2m duplicates.[0m[2m Looking[0m[2m at main[0m[2m.py,[0m[2m each order[0m[2m has a[0m[2m unique ID[0m[2m (`[0m[2morder_i[0m[2m`),[0m[2m so duplicate[0m[2m charges in[0m[2m that[0m[2m specific[0m[2m test would[0m[2m only[0m[2m happen if[0m[2m...[0m[2m actually[0m[2m, looking[0m[2m more[0m[2m carefully,[0m[2m the[0m[2m `[0m[2mcharge[0m[2m` method[0m[2m in Payment[0m[2mGateway doesn't[0m[2m track[0m[2m which[0m[2m order_ids[0m[2m have been[0m[2m charged,[0m[2m so if[0m[2m the same[0m[2m order[0m[2m_id is[0m[2m passed twice[0m[2m, it[0m[2m will[0m[2m charge twice[0m[2m.
     
     But[0m[2m wait[0m[2m -[0m[2m in `[0m[2mcheckout[0m[2m.py`,[0m[2m the issue[0m[2m could[0m[2m also be[0m[2m that we[0m[2m might[0m[2m need[0m[2m to handle[0m[2m the[0m[2m case[0m[2m where `[0m[2mdecrement[0m[2m` fails[0m[2m after payment[0m[2m. In[0m[2m that case[0m[2m, we[0m[2m should[0m[2m refund the[0m[2m payment[0m[2m to[0m[2m avoid[0m[2m ghost charges[0m[2m.
     
     Also[0m[2m, looking[0m[2m at `[0m[2minventory.py[0m[2m`, `[0m[2mdecrement[0m[2m` is[0m[2m not atomic[0m[2m -[0m[2m it[0m[2m checks[0m[2m `[0m[2mself._[0m[2mstock >=[0m[2m quantity`[0m[2m and[0m[2m then subtract[0m[2ms.[0m[2m With concurrent[0m[2m asyncio[0m[2m tasks[0m[2m, if[0m[2m two[0m[2m tasks check[0m[2m simultaneously[0m[2m,[0m[2m both[0m[2m could[0m[2m pass and[0m[2m both[0m[2m decrement[0m[2m, causing[0m[2m negative stock[0m[2m.[0m[2m However[0m[2m, in[0m[2m C[0m[2mPython with[0m[2m asyncio,[0m[2m because[0m[2m asyncio[0m[2m is single[0m[2m-threaded[0m[2m, the[0m[2m actual race[0m[2m condition is[0m[2m different from[0m[2m threading[0m[2m. But[0m[2m with `[0m[2mawait asyncio[0m[2m.sleep([0m[2m0.[0m[2m02)`,[0m[2m control[0m[2m switches to[0m[2m the event[0m[2m loop,[0m[2m allowing[0m[2m other[0m[2m tasks[0m[2m to run[0m[2m.[0m[2m
     
     Actually,[0m[2m in asyncio[0m[2m, because[0m[2m it's[0m[2m cooperative[0m[2m multit[0m[2masking,[0m[2m the `[0m[2mawait[0m[2m asyncio.sleep[0m[2m(0[0m[2m.02[0m[2m)` in[0m[2m `check[0m[2m_stock`[0m[2m yields[0m[2m control,[0m[2m and[0m[2m then another[0m[2m task can[0m[2m run[0m[2m `[0m[2mcheck_stock[0m[2m` too[0m[2m.[0m[2m When[0m[2m the[0m[2m first task[0m[2m resumes,[0m[2m it proceeds[0m[2m to `[0m[2mcharge[0m[2m`, yields[0m[2m again[0m[2m during `[0m[2msleep[0m[2m(0[0m[2m.03[0m[2m)`, and[0m[2m another task[0m[2m might have[0m[2m already decre[0m[2mmented stock[0m[2m in[0m[2m the meantime[0m[2m.[0m[2m
     
     Wait[0m[2m, let[0m[2m me think[0m[2m about asyncio[0m[2m more carefully[0m[2m. In[0m[2m asyncio[0m[2m, two[0m[2m tasks won't[0m[2m execute[0m[2m Python[0m[2m bytecode[0m[2m simultaneously because[0m[2m of[0m[2m the G[0m[2mIL.[0m[2m But the[0m[2m issue[0m[2m is still[0m[2m there[0m[2m:[0m[2m task[0m[2m A checks[0m[2m stock ([0m[2m5[0m[2m >=[0m[2m 1[0m[2m, True[0m[2m), task[0m[2m B checks[0m[2m stock ([0m[2m5 >=[0m[2m 1[0m[2m, True[0m[2m), task[0m[2m A charges[0m[2m, task[0m[2m B charges[0m[2m, task[0m[2m A decre[0m[2mments ([0m[2mstock[0m[2m becomes[0m[2m 4[0m[2m), task[0m[2m B decre[0m[2mments ([0m[2mstock becomes[0m[2m 3[0m[2m)...[0m[2m This[0m[2m seems[0m[2m fine for[0m[2m small[0m[2m numbers[0m[2m,[0m[2m but what[0m[2m if we[0m[2m have[0m[2m 12 orders[0m[2m and stock[0m[2m is[0m[2m 5[0m[2m?[0m[2m
     
     Actually,[0m[2m the issue[0m[2m is:[0m[2m all[0m[2m 12[0m[2m tasks[0m[2m could pass[0m[2m `check[0m[2m_stock`[0m[2m before any[0m[2m of them[0m[2m call[0m[2m `de[0m[2mcrement`.[0m[2m Then[0m[2m 5 of[0m[2m them would[0m[2m succeed[0m[2m at[0m[2m `charge[0m[2m`,[0m[2m then[0m[2m all[0m[2m 5[0m[2m would succeed[0m[2m at `[0m[2mdecrement[0m[2m`,[0m[2m but[0m[2m wait -[0m[2m `de[0m[2mcrement`[0m[2m is[0m[2m called after[0m[2m `[0m[2mcharge`,[0m[2m so only[0m[2m the tasks[0m[2m that passed[0m[2m `[0m[2mcheck_stock[0m[2m` AND[0m[2m `charge[0m[2m` would[0m[2m call `[0m[2mdecrement[0m[2m`.[0m[2m
     
     But[0m[2m here's[0m[2m the thing[0m[2m: `[0m[2mcheck_stock[0m[2m` doesn't[0m[2m reserve[0m[2m stock[0m[2m. So[0m[2m all[0m[2m 12[0m[2m tasks[0m[2m could pass[0m[2m `check[0m[2m_stock`[0m[2m (stock[0m[2m =[0m[2m 5[0m[2m,[0m[2m each[0m[2m wants[0m[2m 1[0m[2m). Let's[0m[2m say[0m[2m 9[0m[2m pass[0m[2m `[0m[2mcharge`[0m[2m (since[0m[2m failure[0m[2m rate is[0m[2m 0[0m[2m.25[0m[2m).[0m[2m Then all[0m[2m 9[0m[2m try[0m[2m to[0m[2m `de[0m[2mcrement`.[0m[2m The[0m[2m first[0m[2m 5 succeed[0m[2m, the[0m[2m remaining[0m[2m 4[0m[2m fail.[0m[2m But those[0m[2m 4[0m[2m were charged[0m[2m already[0m[2m! That's[0m[2m the[0m[2m ghost charge[0m[2m problem[0m[2m.
     
     And[0m[2m the[0m[2m stock would[0m[2m go to[0m[2m 0[0m[2m ([0m[2mnot negative[0m[2m)[0m[2m in[0m[2m that[0m[2m case[0m[2m,[0m[2m because `[0m[2mdecrement[0m[2m` returns[0m[2m False when[0m[2m stock[0m[2m < quantity[0m[2m.[0m[2m
     
     But[0m[2m wait,[0m[2m can[0m[2m stock[0m[2m go negative[0m[2m? Let[0m[2m me look[0m[2m at `[0m[2mdecrement[0m[2m` again[0m[2m:
     ```[0m[2mpython[0m[2m
     async def[0m[2m decrement(self[0m[2m, quantity[0m[2m: int[0m[2m) ->[0m[2m bool:[0m[2m
         await[0m[2m asyncio.sleep[0m[2m(0[0m[2m.02[0m[2m)[0m[2m
         if self[0m[2m._stock[0m[2m >= quantity[0m[2m:[0m[2m
             self._[0m[2mstock -=[0m[2m quantity[0m[2m
             return[0m[2m True[0m[2m
         return[0m[2m False[0m[2m
     ```
     
     In[0m[2m asyncio[0m[2m, because[0m[2m it's single[0m[2m-threaded[0m[2m, two[0m[2m tasks can't[0m[2m be[0m[2m inside[0m[2m `de[0m[2mcrement`[0m[2m simultaneously in[0m[2m the sense[0m[2m that they[0m[2m both[0m[2m check[0m[2m the[0m[2m condition and[0m[2m both[0m[2m decrement[0m[2m before either[0m[2m assignment[0m[2m completes[0m[2m...[0m[2m wait[0m[2m, actually[0m[2m they[0m[2m can![0m[2m Task[0m[2m A checks[0m[2m `self[0m[2m._stock[0m[2m >= quantity[0m[2m` ([0m[2mTrue),[0m[2m then[0m[2m task[0m[2m A hits[0m[2m `[0m[2mawait asyncio[0m[2m.sleep([0m[2m0.[0m[2m02)`,[0m[2m which yields[0m[2m.[0m[2m Task B[0m[2m checks `[0m[2mself._[0m[2mstock >=[0m[2m quantity`[0m[2m (still[0m[2m True[0m[2m because A[0m[2m hasn't decre[0m[2mmented yet[0m[2m), then[0m[2m yields[0m[2m. Task[0m[2m A resumes[0m[2m and[0m[2m does[0m[2m `self[0m[2m._stock[0m[2m -= quantity[0m[2m`. Task[0m[2m B resumes[0m[2m and does[0m[2m `self[0m[2m._stock[0m[2m -= quantity[0m[2m`. But[0m[2m B[0m[2m already[0m[2m checked the[0m[2m condition when[0m[2m stock[0m[2m was still[0m[2m >=[0m[2m quantity.[0m[2m So if[0m[2m stock was[0m[2m 1[0m[2m and both[0m[2m A[0m[2m and B[0m[2m checked[0m[2m,[0m[2m both[0m[2m would think[0m[2m it's[0m[2m okay[0m[2m,[0m[2m and both[0m[2m would decrement[0m[2m, making[0m[2m stock -[0m[2m1.[0m[2m
     
     Wait[0m[2m, that's[0m[2m actually[0m[2m not[0m[2m possible in[0m[2m the[0m[2m current[0m[2m flow because[0m[2m `de[0m[2mcrement`[0m[2m is called[0m[2m after[0m[2m `charge[0m[2m`, and[0m[2m the[0m[2m `charge[0m[2m` calls[0m[2m also[0m[2m have sleeps[0m[2m. But[0m[2m it's[0m[2m definitely[0m[2m possible for[0m[2m multiple tasks[0m[2m to pass[0m[2m the check[0m[2m before[0m[2m any[0m[2m decrements[0m[2m happen[0m[2m.
     
     Actually[0m[2m, with[0m[2m the specific[0m[2m timing[0m[2m:[0m[2m
     - All[0m[2m tasks[0m[2m do[0m[2m `check[0m[2m_stock`[0m[2m (0[0m[2m.02[0m[2ms[0m[2m sleep each[0m[2m),[0m[2m all[0m[2m get[0m[2m True[0m[2m
     - Then[0m[2m they[0m[2m all[0m[2m do `[0m[2mcharge`[0m[2m (0[0m[2m.03[0m[2ms sleep[0m[2m each),[0m[2m some fail[0m[2m,[0m[2m some succeed[0m[2m
     -[0m[2m Then the[0m[2m successful ones[0m[2m do `[0m[2mdecrement[0m[2m` ([0m[2m0.[0m[2m02s[0m[2m sleep each[0m[2m)
     
     During[0m[2m `[0m[2mdecrement[0m[2m`, task[0m[2m A checks[0m[2m ([0m[2mstock=[0m[2m5 >=[0m[2m1[0m[2m), yields[0m[2m, task[0m[2m B checks[0m[2m (stock[0m[2m=5[0m[2m >=1[0m[2m), yields[0m[2m, task[0m[2m C checks[0m[2m (stock[0m[2m=5[0m[2m >=1[0m[2m), yields[0m[2m, ...[0m[2m Then[0m[2m they[0m[2m all resume[0m[2m one[0m[2m by[0m[2m one and[0m[2m decrement.[0m[2m Since[0m[2m they[0m[2m all passed[0m[2m the check[0m[2m when stock[0m[2m was[0m[2m 5,[0m[2m they could[0m[2m all decrement[0m[2m even[0m[2m if there[0m[2m are more[0m[2m than[0m[2m 5 successful[0m[2m charges[0m[2m!
     
     Yes[0m[2m! That's[0m[2m exactly[0m[2m the race[0m[2m condition.[0m[2m The `[0m[2mawait[0m[2m asyncio.sleep[0m[2m(0[0m[2m.02[0m[2m)` in[0m[2m `de[0m[2mcrement`[0m[2m allows multiple[0m[2m tasks to[0m[2m pass[0m[2m the check[0m[2m before any[0m[2m of them[0m[2m actually decrement[0m[2m. So[0m[2m with[0m[2m 9[0m[2m successful charges[0m[2m, all[0m[2m 9[0m[2m could pass[0m[2m the check[0m[2m in `[0m[2mdecrement[0m[2m` ([0m[2mwhen stock[0m[2m is still[0m[2m 5[0m[2m), then[0m[2m all[0m[2m 9 would[0m[2m decrement,[0m[2m making stock[0m[2m =[0m[2m 5 -[0m[2m 9[0m[2m = -[0m[2m4.[0m[2m
     
     So the[0m[2m fixes[0m[2m needed[0m[2m are[0m[2m:
     
     1[0m[2m. **[0m[2mPrevent[0m[2m overs[0m[2melling**:[0m[2m Need to[0m[2m make the[0m[2m check[0m[2m-and-de[0m[2mcrement atomic[0m[2m ([0m[2mor at[0m[2m least properly[0m[2m synchronized).[0m[2m We[0m[2m can add[0m[2m an async[0m[2m lock[0m[2m in[0m[2m `Inventory[0m[2m`,[0m[2m or combine[0m[2m check[0m[2m and decrement[0m[2m into a[0m[2m single operation[0m[2m. But[0m[2m we[0m[2m can't change[0m[2m public[0m[2m interfaces...[0m[2m wait[0m[2m, we[0m[2m CAN[0m[2m add methods[0m[2m to `[0m[2mInventory`.[0m[2m So[0m[2m we could[0m[2m add a[0m[2m method[0m[2m like `[0m[2mreserve_and[0m[2m_decrement[0m[2m` that[0m[2m does both[0m[2m atom[0m[2mically under[0m[2m a lock[0m[2m.[0m[2m
     
     But[0m[2m actually[0m[2m, the[0m[2m instruction[0m[2m says "[0m[2mDo not[0m[2m change the[0m[2m public interfaces[0m[2m of `[0m[2mInventory`[0m[2m or `[0m[2mPaymentGateway[0m[2m`. You[0m[2m may add[0m[2m methods to[0m[2m them."[0m[2m So we[0m[2m can add[0m[2m new methods[0m[2m but[0m[2m can't[0m[2m change[0m[2m existing method[0m[2m signatures.[0m[2m
     
     For[0m[2m inventory[0m[2m, we[0m[2m need to[0m[2m ensure atomic[0m[2mity[0m[2m.[0m[2m In[0m[2m asyncio,[0m[2m we can[0m[2m use `[0m[2masyncio[0m[2m.Lock`.[0m[2m We[0m[2m can[0m[2m add a[0m[2m lock to[0m[2m `Inventory[0m[2m.__[0m[2minit__[0m[2m` and[0m[2m use it[0m[2m in a[0m[2m new method[0m[2m.[0m[2m
     
     2.[0m[2m **Prevent[0m[2m ghost charges[0m[2m**: If[0m[2m payment succeeds[0m[2m but inventory[0m[2m can't[0m[2m be[0m[2m decre[0m[2mmented,[0m[2m we need[0m[2m to refund[0m[2m the charge[0m[2m. Or[0m[2m better[0m[2m:[0m[2m decrement[0m[2m inventory BEFORE[0m[2m charging[0m[2m, and[0m[2m if decrement[0m[2m fails,[0m[2m don't charge[0m[2m. But[0m[2m then[0m[2m what[0m[2m if decrement[0m[2m succeeds and[0m[2m charge[0m[2m fails[0m[2m? We'd[0m[2m need[0m[2m to release[0m[2m the inventory[0m[2m.[0m[2m
     
     Actually,[0m[2m the safest[0m[2m pattern[0m[2m is:[0m[2m
     1.[0m[2m Try to[0m[2m reserve[0m[2m/de[0m[2mcrement inventory[0m[2m
     2[0m[2m. If[0m[2m successful[0m[2m, charge[0m[2m
     3[0m[2m. If[0m[2m charge fails[0m[2m, restore[0m[2m inventory[0m[2m
     4.[0m[2m If charge[0m[2m succeeds,[0m[2m we're[0m[2m done[0m[2m
     
     This way[0m[2m:
     -[0m[2m No overs[0m[2melling ([0m[2mwe decrement[0m[2m first[0m[2m)[0m[2m
     - No[0m[2m ghost charges[0m[2m (if[0m[2m charge[0m[2m fails,[0m[2m we restore[0m[2m inventory;[0m[2m if charge[0m[2m succeeds,[0m[2m we already[0m[2m have the[0m[2m inventory)[0m[2m
     
     But there's[0m[2m a problem[0m[2m: what[0m[2m if we[0m[2m decrement[0m[2m,[0m[2m then[0m[2m charge fails[0m[2m, then[0m[2m before[0m[2m we can[0m[2m restore inventory[0m[2m, another[0m[2m task takes[0m[2m it[0m[2m? That's[0m[2m actually fine[0m[2m - we[0m[2m just need[0m[2m to make[0m[2m sure we[0m[2m restore it[0m[2m.[0m[2m But if[0m[2m we're[0m[2m holding[0m[2m a[0m[2m lock during[0m[2m this[0m[2m entire process[0m[2m, we'd[0m[2m block[0m[2m other[0m[2m operations[0m[2m too[0m[2m long[0m[2m.
     
     A[0m[2m better approach[0m[2m with[0m[2m locking[0m[2m:
     -[0m[2m Use[0m[2m a lock[0m[2m in[0m[2m `Inventory[0m[2m` to[0m[2m protect[0m[2m the[0m[2m critical[0m[2m section[0m[2m
     -[0m[2m Add a[0m[2m method[0m[2m that[0m[2m atom[0m[2mically checks[0m[2m and decre[0m[2mments[0m[2m
     - Or[0m[2m wrap[0m[2m `[0m[2mcheck[0m[2m_stock`[0m[2m + `[0m[2mdecrement[0m[2m` in[0m[2m a lock[0m[2m within[0m[2m `[0m[2mcheckout`[0m[2m
     
     Wait[0m[2m, `[0m[2mcheckout`[0m[2m could[0m[2m manage[0m[2m this[0m[2m by[0m[2m using a[0m[2m lock[0m[2m from[0m[2m `Inventory[0m[2m`. But[0m[2m `[0m[2mcheckout[0m[2m` doesn't[0m[2m have[0m[2m access to[0m[2m an inventory[0m[2m lock unless[0m[2m we add[0m[2m one.[0m[2m
     
     Let[0m[2m me think[0m[2m about the[0m[2m best[0m[2m approach[0m[2m:
     
     Option[0m[2m A:[0m[2m Add an[0m[2m `async[0m[2mio.Lock[0m[2m` to[0m[2m `Inventory[0m[2m`,[0m[2m and add[0m[2m a new[0m[2m method `[0m[2mtry[0m[2m_decrement[0m[2m(self[0m[2m, quantity[0m[2m: int[0m[2m) ->[0m[2m bool`[0m[2m that acquire[0m[2ms the[0m[2m lock,[0m[2m checks stock[0m[2m, and[0m[2m decrements[0m[2m atomically[0m[2m. But[0m[2m `[0m[2mde[0m[2mcrement`[0m[2m already exists[0m[2m.[0m[2m We could[0m[2m modify `[0m[2mdecrement[0m[2m` to[0m[2m use the[0m[2m lock.[0m[2m
     
     Actually[0m[2m, "[0m[2mDo not[0m[2m change the[0m[2m public interfaces[0m[2m" means[0m[2m we can't[0m[2m change the[0m[2m signatures[0m[2m,[0m[2m but we[0m[2m can change[0m[2m the implementation[0m[2m of[0m[2m existing methods[0m[2m. And[0m[2m we can[0m[2m add new[0m[2m methods.[0m[2m
     
     So here's[0m[2m my[0m[2m plan:[0m[2m
     1.[0m[2m Add `[0m[2masyncio[0m[2m.Lock`[0m[2m to `[0m[2mInventory`[0m[2m
     2.[0m[2m Modify `[0m[2mdecrement[0m[2m` to[0m[2m use the[0m[2m lock properly[0m[2m.[0m[2m Actually[0m[2m, even[0m[2m with a[0m[2m lock,[0m[2m if we[0m[2m keep[0m[2m the[0m[2m sleep[0m[2m inside[0m[2m the lock[0m[2m, other[0m[2m tasks will[0m[2m wait[0m[2m. But[0m[2m we need[0m[2m the[0m[2m sleep to[0m[2m simulate network[0m[2m latency.[0m[2m
     3.[0m[2m Add[0m[2m a new[0m[2m method to[0m[2m `Inventory[0m[2m` that[0m[2m atomically[0m[2m checks and[0m[2m decrements[0m[2m under the[0m[2m lock.[0m[2m But actually[0m[2m, `[0m[2mdecrement[0m[2m` already[0m[2m does check[0m[2m+[0m[2mdecrement[0m[2m.[0m[2m The[0m[2m problem[0m[2m is the[0m[2m sleep before[0m[2m the check[0m[2m.[0m[2m
     
     Wait,[0m[2m let[0m[2m me reconsider[0m[2m. The[0m[2m sleep in[0m[2m `de[0m[2mcrement`[0m[2m is `[0m[2mawait asyncio[0m[2m.sleep([0m[2m0.[0m[2m02)`[0m[2m BEFORE[0m[2m the check[0m[2m. This[0m[2m allows[0m[2m task[0m[2m switching,[0m[2m so multiple[0m[2m tasks can[0m[2m enter[0m[2m and[0m[2m pass[0m[2m the check[0m[2m before any[0m[2m decrement[0m[2m happens.[0m[2m If we[0m[2m move[0m[2m the check[0m[2m before[0m[2m the sleep[0m[2m...[0m[2m no[0m[2m, that[0m[2m doesn't help[0m[2m because `[0m[2mcheck_stock[0m[2m` is[0m[2m called[0m[2m separately.[0m[2m
     
     Actually,[0m[2m looking[0m[2m at `[0m[2mcheckout.py[0m[2m`[0m[2m again:[0m[2m
     ```python[0m[2m
     available[0m[2m = await[0m[2m inventory.check[0m[2m_stock([0m[2mquantity)[0m[2m
     if not[0m[2m available:[0m[2m
         return[0m[2m False[0m[2m
     
     charged =[0m[2m await gateway[0m[2m.charge[0m[2m(...)[0m[2m
     if not[0m[2m charged:[0m[2m
         return[0m[2m False[0m[2m
     
     decrement[0m[2med =[0m[2m await inventory[0m[2m.decrement[0m[2m(quantity[0m[2m)
     if[0m[2m not decre[0m[2mmented:[0m[2m
         return[0m[2m False[0m[2m
     ```
     
     The[0m[2m issue[0m[2m is:[0m[2m
     1.[0m[2m `check[0m[2m_stock`[0m[2m and `[0m[2mdecrement[0m[2m` are[0m[2m separate calls[0m[2m,[0m[2m so stock[0m[2m can change[0m[2m between them[0m[2m
     2[0m[2m. `[0m[2mdecrement[0m[2m` itself[0m[2m has a[0m[2m race condition[0m[2m due[0m[2m to the[0m[2m sleep[0m[2m
     
     For[0m[2m fixing[0m[2m,[0m[2m I[0m[2m should[0m[2m:
     1[0m[2m. In[0m[2m `checkout[0m[2m.py`:[0m[2m Dec[0m[2mrement inventory[0m[2m FIRST[0m[2m, then[0m[2m charge.[0m[2m If charge[0m[2m fails,[0m[2m increment[0m[2m inventory back[0m[2m.[0m[2m
     2[0m[2m. In[0m[2m `Inventory[0m[2m`:[0m[2m Make `[0m[2mdecrement[0m[2m` and[0m[2m `[0m[2mincrement`[0m[2m thread[0m[2m-safe ([0m[2masync-safe[0m[2m) by[0m[2m using a[0m[2m lock.[0m[2m
     
     But wait[0m[2m -[0m[2m if we[0m[2m decrement first[0m[2m, then[0m[2m charge[0m[2m fails[0m[2m, we[0m[2m need[0m[2m to increment[0m[2m back[0m[2m. Could[0m[2m another task[0m[2m steal[0m[2m the inventory[0m[2m in[0m[2m between?[0m[2m No,[0m[2m because if[0m[2m we use[0m[2m a[0m[2m lock properly[0m[2m.[0m[2m
     
     Actually,[0m[2m the[0m[2m simplest[0m[2m fix[0m[2m:
     -[0m[2m Add[0m[2m an `[0m[2masyncio[0m[2m.Lock`[0m[2m to `[0m[2mInventory`[0m[2m
     - In[0m[2m `checkout[0m[2m.py[0m[2m`:[0m[2m
       ```[0m[2mpython[0m[2m
       decre[0m[2mmented =[0m[2m await inventory[0m[2m.decrement[0m[2m(quantity[0m[2m)[0m[2m
       if not[0m[2m decremented[0m[2m:[0m[2m
           return False[0m[2m
       
       charged[0m[2m = await[0m[2m gateway.ch[0m[2marge(order[0m[2m_id,[0m[2m quantity *[0m[2m price)[0m[2m
       if[0m[2m not charged[0m[2m:[0m[2m
           await inventory[0m[2m.increment([0m[2mquantity)[0m[2m
           return[0m[2m False[0m[2m
       
       print[0m[2m(f"[0m[2mOrder {[0m[2morder_id[0m[2m}: SUCCESS[0m[2m")[0m[2m
       return True[0m[2m
       ```
     
     But[0m[2m wait[0m[2m, `[0m[2mdecrement[0m[2m` has[0m[2m the[0m[2m race[0m[2m condition.[0m[2m Let's[0m[2m fix `[0m[2mdecrement[0m[2m` in[0m[2m `[0m[2mInventory`:[0m[2m
     ```python[0m[2m
     class[0m[2m Inventory:[0m[2m
         def[0m[2m __init[0m[2m__(self[0m[2m, stock[0m[2m: int[0m[2m):[0m[2m
             self._[0m[2mstock =[0m[2m stock[0m[2m
             self[0m[2m._lock[0m[2m = asyncio[0m[2m.Lock()[0m[2m
     
         async[0m[2m def check[0m[2m_stock(self[0m[2m, quantity[0m[2m: int[0m[2m) ->[0m[2m bool:[0m[2m
             await[0m[2m asyncio.sleep[0m[2m(0[0m[2m.02[0m[2m)[0m[2m
             return self[0m[2m._stock[0m[2m >= quantity[0m[2m
     
         async def[0m[2m decrement(self[0m[2m, quantity[0m[2m: int[0m[2m) ->[0m[2m bool:[0m[2m
             async[0m[2m with self[0m[2m._lock[0m[2m:[0m[2m
                 await asyncio[0m[2m.sleep([0m[2m0.[0m[2m02)[0m[2m
                 if[0m[2m self._[0m[2mstock >=[0m[2m quantity:[0m[2m
                     self[0m[2m._stock[0m[2m -= quantity[0m[2m
                     return True[0m[2m
                 return False[0m[2m
     
         async[0m[2m def increment[0m[2m(self,[0m[2m quantity:[0m[2m int)[0m[2m -> None[0m[2m:[0m[2m
             async with[0m[2m self._[0m[2mlock:[0m[2m
                 await[0m[2m asyncio.sleep[0m[2m(0[0m[2m.01[0m[2m)[0m[2m
                 self._[0m[2mstock +=[0m[2m quantity[0m[2m
     ```
     
     With[0m[2m this[0m[2m,[0m[2m `de[0m[2mcrement`[0m[2m is safe[0m[2m. But[0m[2m `[0m[2mcheck_stock[0m[2m` is[0m[2m still not[0m[2m under[0m[2m the lock[0m[2m.[0m[2m In[0m[2m the[0m[2m new checkout[0m[2m flow,[0m[2m we don't[0m[2m actually[0m[2m need `[0m[2mcheck_stock[0m[2m` -[0m[2m we just[0m[2m try[0m[2m to[0m[2m `de[0m[2mcrement`,[0m[2m and if[0m[2m it fails[0m[2m, we[0m[2m know there's[0m[2m no[0m[2m stock.[0m[2m
     
     But wait[0m[2m, what[0m[2m if `[0m[2mdecrement[0m[2m` is[0m[2m called[0m[2m from[0m[2m outside[0m[2m `[0m[2mcheckout`[0m[2m? We[0m[2m should make[0m[2m it safe[0m[2m.
     
     Now[0m[2m for the[0m[2m payment gateway[0m[2m duplicate[0m[2m charges.[0m[2m We[0m[2m need to[0m[2m ensure no[0m[2m order is[0m[2m charged more[0m[2m than once[0m[2m. Add[0m[2m a set[0m[2m of[0m[2m charged[0m[2m order IDs[0m[2m and[0m[2m check[0m[2m before[0m[2m charging:[0m[2m
     
     ```python[0m[2m
     class[0m[2m PaymentGateway[0m[2m:[0m[2m
         def __[0m[2minit__([0m[2mself,[0m[2m failure_rate[0m[2m: float[0m[2m =[0m[2m 0.[0m[2m25):[0m[2m
             self[0m[2m._failure[0m[2m_rate =[0m[2m failure_rate[0m[2m
             self.total[0m[2m_charged[0m[2m: float[0m[2m =[0m[2m 0.[0m[2m0[0m[2m
             self[0m[2m.charges[0m[2m: List[0m[2m[dict[0m[2m] =[0m[2m [][0m[2m
             self._[0m[2mcharged[0m[2m_orders:[0m[2m set[str[0m[2m] =[0m[2m set()[0m[2m
             self[0m[2m._lock[0m[2m = asyncio[0m[2m.Lock()[0m[2m
     
         async[0m[2m def charge[0m[2m(self,[0m[2m order_id[0m[2m: str[0m[2m, amount[0m[2m: float[0m[2m) ->[0m[2m bool:[0m[2m
             async[0m[2m with self[0m[2m._lock[0m[2m:[0m[2m
                 await asyncio[0m[2m.sleep([0m[2m0.[0m[2m03)[0m[2m
                 if[0m[2m order_id[0m[2m in self[0m[2m._charged[0m[2m_orders:[0m[2m
                     return[0m[2m False[0m[2m  # or[0m[2m True[0m[2m? If[0m[2m already charged[0m[2m, shouldn't[0m[2m charge again[0m[2m
                 if random[0m[2m.random()[0m[2m < self[0m[2m._failure[0m[2m_rate:[0m[2m
                     return[0m[2m False[0m[2m
                 self[0m[2m.total_ch[0m[2marged +=[0m[2m amount[0m[2m
                 self[0m[2m.charges[0m[2m.append({"[0m[2morder_id[0m[2m": order[0m[2m_id,[0m[2m "amount[0m[2m": amount[0m[2m})[0m[2m
                 self._[0m[2mcharged_orders[0m[2m.add(order[0m[2m_id)[0m[2m
                 return[0m[2m True[0m[2m
     ```
     
     If[0m[2m an[0m[2m order_id[0m[2m was[0m[2m already charged[0m[2m, we[0m[2m should not[0m[2m charge again[0m[2m. Should[0m[2m we[0m[2m return True[0m[2m ([0m[2msince it[0m[2m was already[0m[2m charged)[0m[2m or False[0m[2m? The[0m[2m requirement says[0m[2m "No[0m[2m order is[0m[2m charged more[0m[2m than once[0m[2m." If[0m[2m charge[0m[2m is[0m[2m called twice[0m[2m for the[0m[2m same order[0m[2m_id,[0m[2m the second[0m[2m time[0m[2m should probably[0m[2m return False[0m[2m to prevent[0m[2m duplicate charging[0m[2m. But[0m[2m what if[0m[2m the caller[0m[2m expects[0m[2m it[0m[2m to succeed[0m[2m because[0m[2m the first[0m[2m charge succeeded[0m[2m? In[0m[2m `[0m[2mcheckout`,[0m[2m if[0m[2m we structure[0m[2m it correctly[0m[2m, we[0m[2m should[0m[2m only call[0m[2m `charge[0m[2m` once[0m[2m.
     
     Actually[0m[2m, looking[0m[2m at `[0m[2mcheckout[0m[2m.py`[0m[2m with the[0m[2m new flow[0m[2m:[0m[2m
     1[0m[2m. Try[0m[2m decrement[0m[2m
     2[0m[2m. If[0m[2m successful[0m[2m, try[0m[2m charge[0m[2m
     3.[0m[2m If charge[0m[2m fails,[0m[2m increment back[0m[2m
     
     There's[0m[2m still[0m[2m a[0m[2m subtle[0m[2m issue:[0m[2m what if[0m[2m `charge[0m[2m` succeeds[0m[2m,[0m[2m but[0m[2m before[0m[2m checkout[0m[2m returns True[0m[2m, there's[0m[2m a[0m[2m crash?[0m[2m That's[0m[2m outside[0m[2m the scope[0m[2m of this[0m[2m exercise[0m[2m since[0m[2m it's[0m[2m about concurrent[0m[2m logic[0m[2m.[0m[2m
     
     Let me[0m[2m also think[0m[2m about whether[0m[2m we need[0m[2m to wrap[0m[2m the[0m[2m entire[0m[2m checkout in[0m[2m a lock[0m[2m.[0m[2m No,[0m[2m because the[0m[2m inventory[0m[2m lock[0m[2m protects[0m[2m the stock[0m[2m, and[0m[2m the[0m[2m payment gateway[0m[2m lock protects[0m[2m duplicate[0m[2m charges.[0m[2m
     
     One[0m[2m more thing[0m[2m: in[0m[2m `checkout[0m[2m.py`,[0m[2m we[0m[2m need[0m[2m to handle[0m[2m the ghost[0m[2m charge case[0m[2m where[0m[2m `[0m[2mdecrement[0m[2m` fails[0m[2m AFTER[0m[2m `[0m[2mcharge`[0m[2m succeeds.[0m[2m But[0m[2m if[0m[2m we reorder[0m[2m to[0m[2m decrement BEFORE[0m[2m charge,[0m[2m we[0m[2m avoid[0m[2m this entirely[0m[2m. The[0m[2m only case[0m[2m where[0m[2m we'd[0m[2m have[0m[2m a ghost[0m[2m charge is[0m[2m if charge[0m[2m succeeds but[0m[2m we fail[0m[2m to increment[0m[2m back[0m[2m... but[0m[2m that's[0m[2m not[0m[2m the[0m[2m scenario[0m[2m we're protecting[0m[2m against[0m[2m.
     
     Wait[0m[2m, actually[0m[2m if[0m[2m we decrement[0m[2m first,[0m[2m then charge[0m[2m, and[0m[2m if charge[0m[2m fails we[0m[2m increment back[0m[2m -[0m[2m what if[0m[2m increment[0m[2m back[0m[2m fails?[0m[2m `[0m[2mincrement`[0m[2m always[0m[2m succeeds[0m[2m (returns[0m[2m None[0m[2m).[0m[2m So that's[0m[2m fine.[0m[2m
     
     What[0m[2m about[0m[2m the case[0m[2m where charge[0m[2m succeeds,[0m[2m we[0m[2m return True[0m[2m, but[0m[2m then[0m[2m the system[0m[2m crashes before[0m[2m delivering?[0m[2m That's a[0m[2m distributed[0m[2m systems[0m[2m problem[0m[2m not[0m[2m sol[0m[2mvable in[0m[2m this simple[0m[2m exercise[0m[2m.
     
     Let[0m[2m me also[0m[2m think[0m[2m about whether[0m[2m we should[0m[2m use `[0m[2mcheck[0m[2m_stock`[0m[2m at all[0m[2m in[0m[2m the new[0m[2m checkout[0m[2m flow[0m[2m. We[0m[2m could[0m[2m skip[0m[2m it entirely[0m[2m and[0m[2m just try[0m[2m `de[0m[2mcrement`.[0m[2m But[0m[2m maybe[0m[2m keep[0m[2m it for[0m[2m the[0m[2m print[0m[2m message?[0m[2m No,[0m[2m if decrement[0m[2m fails[0m[2m we[0m[2m can print[0m[2m out[0m[2m of stock[0m[2m.
     
     Actually[0m[2m, keeping[0m[2m `check[0m[2m_stock`[0m[2m is risky[0m[2m because it's[0m[2m r[0m[2macy[0m[2m.[0m[2m If we[0m[2m do[0m[2m:
     ```[0m[2mpython[0m[2m
     decrement[0m[2med =[0m[2m await inventory[0m[2m.decrement[0m[2m(quantity[0m[2m)
     if[0m[2m not decre[0m[2mmented:[0m[2m
         print[0m[2m(f"[0m[2mOrder {[0m[2morder_id[0m[2m}: out[0m[2m of stock[0m[2m")[0m[2m
         return False[0m[2m
     ```[0m[2m
     
     We[0m[2m get[0m[2m the same[0m[2m behavior[0m[2m.[0m[2m
     
     Now[0m[2m,[0m[2m there's[0m[2m another[0m[2m subtle[0m[2mty[0m[2m with[0m[2m the[0m[2m payment gateway[0m[2m. The[0m[2m current[0m[2m `[0m[2mcharge`[0m[2m method app[0m[2mends to[0m[2m `charges[0m[2m` list[0m[2m. If[0m[2m we add[0m[2m a lock[0m[2m, we[0m[2m prevent[0m[2m duplicate[0m[2m charges from[0m[2m concurrent[0m[2m calls with[0m[2m the same[0m[2m order_id[0m[2m.[0m[2m
     
     But wait[0m[2m - should[0m[2m `charge[0m[2m` return[0m[2m True or[0m[2m False when[0m[2m the[0m[2m order_id[0m[2m was already[0m[2m charged?[0m[2m If we[0m[2m return False[0m[2m, and[0m[2m the caller[0m[2m already[0m[2m decre[0m[2mmented inventory[0m[2m, they'd[0m[2m increment[0m[2m back the[0m[2m inventory,[0m[2m which is[0m[2m wrong because[0m[2m the customer[0m[2m was actually[0m[2m charged.[0m[2m So maybe[0m[2m if[0m[2m the order[0m[2m_id was[0m[2m already charged[0m[2m, we[0m[2m should return[0m[2m True but[0m[2m not[0m[2m charge again[0m[2m? Or[0m[2m maybe[0m[2m raise[0m[2m an exception[0m[2m?
     
     Actually[0m[2m, the[0m[2m requirement says[0m[2m "No[0m[2m order is[0m[2m charged more[0m[2m than once[0m[2m." The[0m[2m simplest[0m[2m interpretation[0m[2m is:[0m[2m if `[0m[2mcharge`[0m[2m is called[0m[2m twice[0m[2m with the[0m[2m same `[0m[2morder_id[0m[2m`, the[0m[2m second call[0m[2m should not[0m[2m add[0m[2m another[0m[2m charge.[0m[2m What[0m[2m should it[0m[2m return?[0m[2m
     
     If[0m[2m we[0m[2m return True[0m[2m on[0m[2m duplicate[0m[2m, the[0m[2m checkout[0m[2m flow would[0m[2m think "[0m[2mpayment[0m[2m succeeded"[0m[2m and proceed[0m[2m. But[0m[2m if inventory[0m[2m was already[0m[2m decremented[0m[2m for that[0m[2m order...[0m[2m wait[0m[2m, in[0m[2m the current[0m[2m main[0m[2m.py,[0m[2m each order[0m[2m_id is[0m[2m unique,[0m[2m so duplicates[0m[2m would[0m[2m only happen[0m[2m if the[0m[2m same `[0m[2mcheckout`[0m[2m function[0m[2m is called[0m[2m twice for[0m[2m the same[0m[2m order_id[0m[2m.[0m[2m That's[0m[2m a[0m[2m caller[0m[2m issue[0m[2m.
     
     But[0m[2m to[0m[2m be safe[0m[2m, I[0m[2m think `[0m[2mcharge`[0m[2m should return[0m[2m False[0m[2m for duplicates[0m[2m, and[0m[2m `[0m[2mcheckout`[0m[2m should assume[0m[2m that if[0m[2m `[0m[2mcharge`[0m[2m returns False[0m[2m, no[0m[2m money[0m[2m was taken[0m[2m. Since[0m[2m the requirement[0m[2m is[0m[2m about[0m[2m the[0m[2m system[0m[2m logic[0m[2m, if[0m[2m a[0m[2m caller[0m[2m calls `[0m[2mcheckout`[0m[2m twice with[0m[2m the same[0m[2m order_id[0m[2m, they[0m[2m might get[0m[2m charged[0m[2m once[0m[2m and then[0m[2m fail the[0m[2m second time[0m[2m. That[0m[2m seems correct[0m[2m.
     
     Actually[0m[2m, wait[0m[2m. Let[0m[2m me re[0m[2m-read the[0m[2m requirement[0m[2m: "[0m[2mNo order[0m[2m is charged[0m[2m more than[0m[2m once."[0m[2m This means[0m[2m the[0m[2m system should[0m[2m prevent[0m[2m duplicate[0m[2m charges for[0m[2m the same[0m[2m order.[0m[2m If[0m[2m `[0m[2mcharge`[0m[2m returns[0m[2m False for[0m[2m a[0m[2m duplicate,[0m[2m and[0m[2m `[0m[2mcheckout`[0m[2m is[0m[2m called again[0m[2m with the[0m[2m same order[0m[2m_id,[0m[2m it would[0m[2m try to[0m[2m decrement inventory[0m[2m again ([0m[2mif[0m[2m we[0m[2m decrement[0m[2m first),[0m[2m fail[0m[2m because[0m[2m inventory is[0m[2m already decre[0m[2mmented for[0m[2m that order[0m[2m... unless[0m[2m we track[0m[2m orders[0m[2m in[0m[2m inventory too[0m[2m.
     
     This[0m[2m is getting[0m[2m complex[0m[2m. Let[0m[2m me focus[0m[2m on what[0m[2m the actual[0m[2m test does[0m[2m. In[0m[2m `main[0m[2m.py`,[0m[2m each order[0m[2m_id is[0m[2m unique:[0m[2m `order[0m[2m_0[0m[2m`, `[0m[2morder_[0m[2m1`,[0m[2m etc.[0m[2m So duplicate[0m[2m charges in[0m[2m the current[0m[2m test would[0m[2m only happen[0m[2m if there's[0m[2m some[0m[2m bug[0m[2m causing[0m[2m the same[0m[2m order to[0m[2m be charged[0m[2m twice[0m[2m within[0m[2m a[0m[2m single `[0m[2mcheckout`[0m[2m call,[0m[2m which doesn't[0m[2m happen.[0m[2m
     
     But[0m[2m to[0m[2m fully[0m[2m satisfy "[0m[2mNo order[0m[2m is charged[0m[2m more than[0m[2m once",[0m[2m I[0m[2m should add[0m[2m duplicate[0m[2m prevention[0m[2m in[0m[2m `[0m[2mPaymentGateway[0m[2m.ch[0m[2marge`.[0m[2m If[0m[2m an[0m[2m order_id[0m[2m was already[0m[2m charged,[0m[2m return True[0m[2m (since[0m[2m the payment[0m[2m was already[0m[2m successful[0m[2m) but[0m[2m don't charge[0m[2m again.[0m[2m Or[0m[2m return[0m[2m False...[0m[2m hmm[0m[2m.
     
     Actually[0m[2m, from[0m[2m the[0m[2m perspective of[0m[2m `checkout[0m[2m`, if[0m[2m it[0m[2m calls[0m[2m `charge[0m[2m` and[0m[2m gets True[0m[2m, it[0m[2m assumes[0m[2m the charge[0m[2m was[0m[2m successful for[0m[2m this attempt[0m[2m. If[0m[2m it[0m[2m calls[0m[2m again[0m[2m and gets[0m[2m True because[0m[2m it[0m[2m was already[0m[2m charged before[0m[2m, it[0m[2m might decrement[0m[2m inventory again[0m[2m.[0m[2m That's bad[0m[2m.
     
     I[0m[2m think the[0m[2m safest[0m[2m approach is[0m[2m:
     1[0m[2m. In[0m[2m `Payment[0m[2mGateway.ch[0m[2marge`,[0m[2m if the[0m[2m order_id[0m[2m was already[0m[2m charged,[0m[2m raise[0m[2m an exception[0m[2m or return[0m[2m some[0m[2m special value[0m[2m.[0m[2m
     2.[0m[2m In[0m[2m `checkout[0m[2m`, if[0m[2m charge[0m[2m returns False[0m[2m, no[0m[2m money was[0m[2m taken.[0m[2m
     
     But let's[0m[2m keep[0m[2m it simple[0m[2m: if[0m[2m order[0m[2m_id was[0m[2m already charged[0m[2m, `[0m[2mcharge`[0m[2m returns False[0m[2m. This[0m[2m means if[0m[2m someone[0m[2m accidentally[0m[2m calls `[0m[2mcheckout`[0m[2m twice with[0m[2m the same[0m[2m order_id[0m[2m after[0m[2m a[0m[2m successful first[0m[2m call[0m[2m, the[0m[2m second call[0m[2m will[0m[2m fail[0m[2m at[0m[2m the[0m[2m charge step[0m[2m and[0m[2m restore[0m[2m inventory ([0m[2min[0m[2m our new[0m[2m decrement[0m[2m-first design[0m[2m). But[0m[2m wait[0m[2m -[0m[2m the first[0m[2m call already[0m[2m decremented[0m[2m inventory and[0m[2m kept[0m[2m it decre[0m[2mmented.[0m[2m The[0m[2m second call[0m[2m would decrement[0m[2m again ([0m[2mmaybe[0m[2m fail[0m[2m if no[0m[2m stock),[0m[2m then charge[0m[2m would[0m[2m fail ([0m[2mduplicate),[0m[2m then[0m[2m it[0m[2m would increment[0m[2m back.[0m[2m But the[0m[2m first call[0m[2m's[0m[2m inventory decrement[0m[2m is still[0m[2m there[0m[2m. So[0m[2m the[0m[2m customer[0m[2m paid[0m[2m once[0m[2m but got[0m[2m...[0m[2m actually[0m[2m the[0m[2m first call[0m[2m succeeded,[0m[2m so that's[0m[2m fine.[0m[2m The second[0m[2m call is[0m[2m a retry[0m[2m that[0m[2m shouldn't happen[0m[2m.
     
     Actually[0m[2m, I[0m[2m think the[0m[2m real[0m[2m issue with[0m[2m duplicate charges[0m[2m might be[0m[2m in[0m[2m `[0m[2mPaymentGateway[0m[2m` itself[0m[2m.[0m[2m Let[0m[2m me re[0m[2m-read it[0m[2m:
     
     ```[0m[2mpython[0m[2m
     async def[0m[2m charge(self[0m[2m, order[0m[2m_id:[0m[2m str,[0m[2m amount:[0m[2m float)[0m[2m -> bool[0m[2m:[0m[2m
         await asyncio[0m[2m.sleep([0m[2m0.[0m[2m03)[0m[2m
         if[0m[2m random.random[0m[2m()[0m[2m < self._[0m[2mfailure_rate[0m[2m:[0m[2m
             return False[0m[2m
         self.total[0m[2m_charged[0m[2m += amount[0m[2m
         self.ch[0m[2marges.append[0m[2m({"order[0m[2m_id":[0m[2m order_id[0m[2m, "[0m[2mamount":[0m[2m amount})[0m[2m
         return[0m[2m True[0m[2m
     ```
     
     There's[0m[2m no explicit[0m[2m lock[0m[2m here[0m[2m.[0m[2m So[0m[2m two concurrent[0m[2m tasks calling[0m[2m `charge[0m[2m` with[0m[2m the same[0m[2m `order[0m[2m_id`[0m[2m could both[0m[2m append to[0m[2m `[0m[2mcharges`.[0m[2m But in[0m[2m `[0m[2mmain.py[0m[2m`, order[0m[2m_ids are[0m[2m unique,[0m[2m so this[0m[2m won't[0m[2m happen in[0m[2m the current[0m[2m test.[0m[2m Unless[0m[2m...[0m[2m wait[0m[2m, in[0m[2m asyncio[0m[2m, could[0m[2m two tasks[0m[2m both[0m[2m be inside[0m[2m `charge[0m[2m` for[0m[2m the same[0m[2m order_id[0m[2m? Yes[0m[2m, if[0m[2m `checkout[0m[2m` is[0m[2m called twice[0m[2m with the[0m[2m same order[0m[2m_id.[0m[2m But in[0m[2m `[0m[2mmain.py[0m[2m`, order[0m[2m_ids are[0m[2m unique.[0m[2m
     
     Actually,[0m[2m maybe[0m[2m the duplicate[0m[2m charge[0m[2m issue is[0m[2m something[0m[2m else.[0m[2m Let me[0m[2m look[0m[2m at `[0m[2mmain.py[0m[2m` again[0m[2m:[0m[2m
     ```python[0m[2m
     charge[0m[2m_ids =[0m[2m [c[0m[2m["order[0m[2m_id"][0m[2m for c[0m[2m in gateway[0m[2m.charges[0m[2m]
     du[0m[2mplicates =[0m[2m len(ch[0m[2marge_ids[0m[2m) -[0m[2m len(set[0m[2m(charge[0m[2m_ids))[0m[2m
     ```
     
     This[0m[2m checks for[0m[2m duplicate order[0m[2m_ids in[0m[2m charges[0m[2m. With[0m[2m unique[0m[2m order_ids[0m[2m in `[0m[2mmain.py[0m[2m`, this[0m[2m should[0m[2m always[0m[2m be[0m[2m 0 unless[0m[2m `[0m[2mcharge`[0m[2m is called[0m[2m multiple[0m[2m times with[0m[2m the same[0m[2m order_id[0m[2m. But[0m[2m `checkout[0m[2m` only[0m[2m calls `[0m[2mcharge`[0m[2m once.[0m[2m So[0m[2m where[0m[2m would[0m[2m duplicates come[0m[2m from?[0m[2m
     
     Hmm,[0m[2m unless there's[0m[2m some[0m[2m bug[0m[2m I'm[0m[2m missing.[0m[2m Let me[0m[2m look at[0m[2m the[0m[2m current[0m[2m `[0m[2mcheckout.py[0m[2m` again[0m[2m. It[0m[2m seems[0m[2m to[0m[2m only[0m[2m call `[0m[2mcharge`[0m[2m once.[0m[2m And[0m[2m `[0m[2mmain.py[0m[2m` calls[0m[2m `checkout[0m[2m` once[0m[2m per order[0m[2m_id.[0m[2m So duplicates[0m[2m shouldn't[0m[2m happen[0m[2m in the[0m[2m current code[0m[2m.
     
     Wait[0m[2m, maybe[0m[2m the issue[0m[2m is that[0m[2m `charge[0m[2m` isn't[0m[2m protected[0m[2m by a[0m[2m lock,[0m[2m so `[0m[2mself[0m[2m.total_ch[0m[2marged`[0m[2m and `[0m[2mself.ch[0m[2marges.append[0m[2m` could[0m[2m have[0m[2m race conditions[0m[2m? But[0m[2m in asyncio[0m[2m with[0m[2m a single[0m[2m thread[0m[2m, list[0m[2m append[0m[2m is[0m[2m atomic[0m[2m ([0m[2mit's a[0m[2m single bytecode[0m[2m operation),[0m[2m and float[0m[2m addition[0m[2m is also[0m[2m...[0m[2m well[0m[2m, float[0m[2m addition isn't[0m[2m atomic[0m[2m at[0m[2m the bytecode[0m[2m level but[0m[2m in[0m[2m C[0m[2mPython it[0m[2m might be[0m[2m. Actually[0m[2m, `[0m[2mself.total[0m[2m_charged[0m[2m += amount[0m[2m` comp[0m[2miles to[0m[2m multiple[0m[2m byte[0m[2mcodes[0m[2m: LOAD[0m[2m_ATTR[0m[2m, LOAD[0m[2m_CONST,[0m[2m BINARY[0m[2m_ADD,[0m[2m STORE_ATTR[0m[2m. In[0m[2m asyncio,[0m[2m a[0m[2m task switch[0m[2m can[0m[2m only[0m[2m happen at[0m[2m `await[0m[2m` boundaries[0m[2m. Since[0m[2m there[0m[2m are no[0m[2m `await[0m[2m` statements[0m[2m between the[0m[2m random[0m[2m check and[0m[2m the append[0m[2m/[0m[2mreturn[0m[2m, no[0m[2m task switch[0m[2m can happen[0m[2m there[0m[2m. So[0m[2m `[0m[2mcharges[0m[2m.append[0m[2m` and[0m[2m `total[0m[2m_charged[0m[2m +=`[0m[2m are safe[0m[2m from asyncio[0m[2m concurrency issues[0m[2m.
     
     So[0m[2m in[0m[2m the current[0m[2m `[0m[2mmain.py[0m[2m`, duplicates[0m[2m should[0m[2m be[0m[2m 0[0m[2m. Unless[0m[2m there's[0m[2m some[0m[2m hidden[0m[2m issue I'm[0m[2m not[0m[2m seeing.[0m[2m But[0m[2m the requirement[0m[2m says "[0m[2mNo order[0m[2m is charged[0m[2m more than[0m[2m once."[0m[2m Maybe this[0m[2m is about[0m[2m making[0m[2m the system[0m[2m robust for[0m[2m future use[0m[2m where[0m[2m retries[0m[2m might happen[0m[2m.[0m[2m
     
     I[0m[2m should[0m[2m add duplicate[0m[2m charge[0m[2m prevention[0m[2m to[0m[2m `Payment[0m[2mGateway`[0m[2m anyway.[0m[2m If[0m[2m the same[0m[2m `[0m[2morder_id[0m[2m` is[0m[2m passed again[0m[2m, we[0m[2m should not[0m[2m charge again[0m[2m.[0m[2m
     
     Let me[0m[2m decide[0m[2m on[0m[2m the exact[0m[2m behavior:[0m[2m if already[0m[2m charged,[0m[2m return True[0m[2m (payment[0m[2m already succeeded[0m[2m) and[0m[2m don't[0m[2m charge again[0m[2m. This[0m[2m way[0m[2m, if[0m[2m `[0m[2mcheckout`[0m[2m is somehow[0m[2m ret[0m[2mried for[0m[2m the same[0m[2m order_id[0m[2m,[0m[2m it would[0m[2m see[0m[2m "[0m[2mcharge succeeded[0m[2m" but[0m[2m we've[0m[2m already decre[0m[2mmented inventory[0m[2m. But[0m[2m in[0m[2m our[0m[2m new flow[0m[2m where[0m[2m we decrement[0m[2m first,[0m[2m a[0m[2m retry would[0m[2m decrement[0m[2m again...[0m[2m
     
     Actually,[0m[2m for[0m[2m the[0m[2m test[0m[2m in[0m[2m `[0m[2mmain.py[0m[2m`, this[0m[2m doesn't[0m[2m matter because[0m[2m order_ids[0m[2m are unique[0m[2m. But[0m[2m for[0m[2m completeness,[0m[2m I'll add[0m[2m the[0m[2m duplicate[0m[2m check to[0m[2m `Payment[0m[2mGateway`[0m[2m and make[0m[2m it return[0m[2m `[0m[2mFalse`[0m[2m for duplicates[0m[2m.[0m[2m And[0m[2m I'll also[0m[2m note[0m[2m that the[0m[2m `[0m[2mcheckout`[0m[2m reorder[0m[2ming is[0m[2m the primary[0m[2m fix for[0m[2m ghost[0m[2m charges.[0m[2m
     
     Wait[0m[2m, I[0m[2m just[0m[2m realized something[0m[2m. In[0m[2m the current[0m[2m `checkout[0m[2m.py`:[0m[2m
     ```python[0m[2m
     available[0m[2m = await[0m[2m inventory.check[0m[2m_stock([0m[2mquantity)[0m[2m
     if not[0m[2m available:[0m[2m
         ...[0m[2m
     charged[0m[2m = await[0m[2m gateway.ch[0m[2marge(...)[0m[2m
     decrement[0m[2med =[0m[2m await inventory[0m[2m.decrement[0m[2m(quantity[0m[2m)
     if[0m[2m not decre[0m[2mmented:[0m[2m
         print[0m[2m(f"[0m[2mOrder {[0m[2morder_id[0m[2m}: inventory[0m[2m error after[0m[2m payment —[0m[2m item not[0m[2m delivered")[0m[2m
         return[0m[2m False[0m[2m
     ```
     
     If[0m[2m `de[0m[2mcrement`[0m[2m returns False[0m[2m after[0m[2m charge[0m[2m succeeds[0m[2m, the[0m[2m customer is[0m[2m charged but[0m[2m gets[0m[2m no item[0m[2m. That's[0m[2m the ghost[0m[2m charge.[0m[2m But also[0m[2m, if[0m[2m the[0m[2m test[0m[2m or[0m[2m someone[0m[2m else[0m[2m looks[0m[2m at `[0m[2msuccessful[0m[2m` orders[0m[2m vs `[0m[2mitems[0m[2m_sold[0m[2m`, there[0m[2m would be[0m[2m a mismatch[0m[2m.
     
     Now[0m[2m let[0m[2m me run[0m[2m the simulation[0m[2m to see[0m[2m the actual[0m[2m behavior[0m[2m:[0m[2m
  🔄 Prepare tool parameters...[0m[2m
  🧰 functions.Shell:5 | Shell {'command': 'python main.py', 'description': 'Run the concurrent simulati...'}
[0m  [2mStarting simulation: 12 concurrent orders, stock=5
[0m  [2mOrder order_1: payment failed
[0m  [2mOrder order_6: payment failed
[0m  [2mOrder order_0: SUCCESS
[0m  [2mOrder order_2: SUCCESS
[0m  [2mOrder order_3: SUCCESS
[0m  [2mOrder order_4: SUCCESS
[0m  [2mOrder order_5: SUCCESS
[0m  [2mOrder order_7: inventory error after payment — item not delivered
[0m  [2mOrder order_8: inventory error after payment — item not delivered
[0m  [2mOrder order_9: inventory error after payment — item not delivered
[0m  [2mOrder order_10: inventory error after payment — item not delivered
[0m  [2mOrder order_11: inventory error after payment — item not delivered
[0m  [2m
[0m  [2m=== Results ===
[0m  [2mSuccessful orders:  5
[0m  [2mItems sold:         5  (initial stock: 5)
[0m  [2mRemaining stock:    0
[0m  [2mTotal charged:      $1000.00
[0m  [2mExpected charge:    $500.00
[0m  [2mDuplicate charges:  0
[0m  [2mERROR: Charge amount does not match successful orders!
[0m[2m
  🔠 functions.Shell:5 Executed
[0m[2m
  🧠 The[0m[2m simulation reproduced[0m[2m the ghost[0m[2m charge[0m[2m issue.[0m[2m 5 orders[0m[2m were[0m[2m charged[0m[2m but[0m[2m only[0m[2m 5 were[0m[2m successful...[0m[2m wait,[0m[2m let[0m[2m me look[0m[2m again[0m[2m:[0m[2m
     
     Actually[0m[2m:[0m[2m
     - order[0m[2m_0[0m[2m through[0m[2m order_[0m[2m5 succeeded[0m[2m =[0m[2m 6[0m[2m successful orders[0m[2m? Wait[0m[2m no:[0m[2m
       -[0m[2m order_[0m[2m1:[0m[2m payment failed[0m[2m
       - order[0m[2m_6[0m[2m: payment[0m[2m failed[0m[2m
       -[0m[2m order_[0m[2m0:[0m[2m SUCCESS[0m[2m
       -[0m[2m order_[0m[2m2:[0m[2m SUCCESS[0m[2m
       -[0m[2m order_[0m[2m3:[0m[2m SUCCESS[0m[2m
       -[0m[2m order_[0m[2m4:[0m[2m SUCCESS[0m[2m
       -[0m[2m order_[0m[2m5:[0m[2m SUCCESS[0m[2m
       -[0m[2m order_[0m[2m7-[0m[2m11[0m[2m: inventory[0m[2m error after[0m[2m payment[0m[2m
     
     That's[0m[2m 5[0m[2m successes[0m[2m ([0m[2morders[0m[2m 0[0m[2m,[0m[2m 2,[0m[2m 3[0m[2m,[0m[2m 4,[0m[2m 5[0m[2m) and[0m[2m 2[0m[2m payment[0m[2m failures ([0m[2m1[0m[2m,[0m[2m 6)[0m[2m and[0m[2m 5 inventory[0m[2m errors ([0m[2m7,[0m[2m 8[0m[2m,[0m[2m 9,[0m[2m 10[0m[2m,[0m[2m 11).[0m[2m Total =[0m[2m 12[0m[2m.[0m[2m
     
     Total charged[0m[2m = $[0m[2m1000[0m[2m.00[0m[2m =[0m[2m 10 *[0m[2m $100[0m[2m. So[0m[2m 10[0m[2m orders were[0m[2m charged ([0m[2mall[0m[2m except[0m[2m 1 and[0m[2m 6[0m[2m which[0m[2m had[0m[2m payment failures[0m[2m). But[0m[2m only[0m[2m 5 were[0m[2m successful.[0m[2m So[0m[2m 5 ghost[0m[2m charges.[0m[2m
     
     Items[0m[2m sold =[0m[2m 5[0m[2m.[0m[2m Rem[0m[2maining stock[0m[2m =[0m[2m 0.[0m[2m No negative[0m[2m inventory[0m[2m this[0m[2m time because[0m[2m the race[0m[2m condition[0m[2m in `[0m[2mdecrement[0m[2m` didn't[0m[2m manifest[0m[2m in this[0m[2m particular run[0m[2m.[0m[2m
     
     Let me[0m[2m run it[0m[2m a few[0m[2m more[0m[2m times to[0m[2m see if[0m[2m we get[0m[2m negative inventory[0m[2m.[0m[2m
  🔄 Prepare tool parameters...[0m[2m
  🧰 functions.Shell:6 | Shell {'command': 'for i in {1..10}; do python...', 'description': 'Run simulation multiple tim...'}
[0m  [2mStarting simulation: 12 concurrent orders, stock=5
[0m  [2mOrder order_2: payment failed
[0m  [2mOrder order_4: payment failed
[0m  [2mOrder order_5: payment failed
[0m  [2mOrder order_8: payment failed
[0m  [2mOrder order_10: payment failed
[0m  [2mOrder order_11: payment failed
[0m  [2mOrder order_0: SUCCESS
[0m  [2mOrder order_1: SUCCESS
[0m  [2mOrder order_3: SUCCESS
[0m  [2mOrder order_6: SUCCESS
[0m  [2mOrder order_7: SUCCESS
[0m  [2mOrder order_9: inventory error after payment — item not delivered
[0m  [2m
[0m  [2m=== Results ===
[0m  [2mSuccessful orders:  5
[0m  [2mItems sold:         5  (initial stock: 5)
[0m  [2mRemaining stock:    0
[0m  [2mTotal charged:      $600.00
[0m  [2mExpected charge:    $500.00
[0m  [2mDuplicate charges:  0
[0m  [2mERROR: Charge amount does not match successful orders!
[0m  [2m---
[0m  [2mStarting simulation: 12 concurrent orders, stock=5
[0m  [2mOrder order_0: payment failed
[0m  [2mOrder order_3: payment failed
[0m  [2mOrder order_6: payment failed
[0m  [2mOrder order_8: payment failed
[0m  [2mOrder order_9: payment failed
[0m  [2mOrder order_10: payment failed
[0m  [2mOrder order_1: SUCCESS
[0m  [2mOrder order_2: SUCCESS
[0m  [2mOrder order_4: SUCCESS
[0m  [2mOrder order_5: SUCCESS
[0m  [2mOrder order_7: SUCCESS
[0m  [2mOrder order_11: inventory error after payment — item not delivered
[0m  [2m
[0m  [2m=== Results ===
[0m  [2mSuccessful orders:  5
[0m  [2mItems sold:         5  (initial stock: 5)
[0m  [2mRemaining stock:    0
[0m  [2mTotal charged:      $600.00
[0m  [2mExpected charge:    $500.00
[0m  [2mDuplicate charges:  0
[0m  [2mERROR: Charge amount does not match successful orders!
[0m  [2m---
[0m  [2mStarting simulation: 12 concurrent orders, stock=5
[0m  [2mOrder order_10: payment failed
[0m  [2mOrder order_0: SUCCESS
[0m  [2mOrder order_1: SUCCESS
[0m  [2mOrder order_2: SUCCESS
[0m  [2mOrder order_3: SUCCESS
[0m  [2mOrder order_4: SUCCESS
[0m  [2mOrder order_5: inventory error after payment — item not delivered
[0m  [2mOrder order_6: inventory error after payment — item not delivered
[0m  [2mOrder order_7: inventory error after payment — item not delivered
[0m  [2mOrder order_8: inventory error after payment — item not delivered
[0m  [2mOrder order_9: inventory error after payment — item not delivered
[0m  [2mOrder order_11: inventory error after payment — item not delivered
[0m  [2m
[0m  [2m=== Results ===
[0m  [2mSuccessful orders:  5
[0m  [2mItems sold:         5  (initial stock: 5)
[0m  [2mRemaining stock:    0
[0m  [2mTotal charged:      $1100.00
[0m  [2mExpected charge:    $500.00
[0m  [2mDuplicate charges:  0
[0m  [2mERROR: Charge amount does not match successful orders!
[0m  [2m---
[0m  [2mStarting simulation: 12 concurrent orders, stock=5
[0m  [2mOrder order_3: payment failed
[0m  [2mOrder order_5: payment failed
[0m  [2mOrder order_6: payment failed
[0m  [2mOrder order_10: payment failed
[0m  [2mOrder order_0: SUCCESS
[0m  [2mOrder order_1: SUCCESS
[0m  [2mOrder order_2: SUCCESS
[0m  [2mOrder order_4: SUCCESS
[0m  [2mOrder order_7: SUCCESS
[0m  [2mOrder order_8: inventory error after payment — item not delivered
[0m  [2mOrder order_9: inventory error after payment — item not delivered
[0m  [2mOrder order_11: inventory error after payment — item not delivered
[0m  [2m
[0m  [2m=== Results ===
[0m  [2mSuccessful orders:  5
[0m  [2mItems sold:         5  (initial stock: 5)
[0m  [2mRemaining stock:    0
[0m  [2mTotal charged:      $800.00
[0m  [2mExpected charge:    $500.00
[0m  [2mDuplicate charges:  0
[0m  [2mERROR: Charge amount does not match successful orders!
[0m  [2m---
[0m  [2mStarting simulation: 12 concurrent orders, stock=5
[0m  [2mOrder order_0: payment failed
[0m  [2mOrder order_1: payment failed
[0m  [2mOrder order_5: payment failed
[0m  [2mOrder order_6: payment failed
[0m  [2mOrder order_2: SUCCESS
[0m  [2mOrder order_3: SUCCESS
[0m  [2mOrder order_4: SUCCESS
[0m  [2mOrder order_7: SUCCESS
[0m  [2mOrder order_8: SUCCESS
[0m  [2mOrder order_9: inventory error after payment — item not delivered
[0m  [2mOrder order_10: inventory error after payment — item not delivered
[0m  [2mOrder order_11: inventory error after payment — item not delivered
[0m  [2m
[0m  [2m=== Results ===
[0m  [2mSuccessful orders:  5
[0m  [2mItems sold:         5  (initial stock: 5)
[0m  [2mRemaining stock:    0
[0m  [2mTotal charged:      $800.00
[0m  [2mExpected charge:    $500.00
[0m  [2mDuplicate charges:  0
[0m  [2mERROR: Charge amount does not match successful orders!
[0m  [2m---
[0m  [2mStarting simulation: 12 concurrent orders, stock=5
[0m  [2mOrder order_5: payment failed
[0m  [2mOrder order_8: payment failed
[0m  [2mOrder order_0: SUCCESS
[0m  [2mOrder order_1: SUCCESS
[0m  [2mOrder order_2: SUCCESS
[0m  [2mOrder order_3: SUCCESS
[0m  [2mOrder order_4: SUCCESS
[0m  [2mOrder order_6: inventory error after payment — item not delivered
[0m  [2mOrder order_7: inventory error after payment — item not delivered
[0m  [2mOrder order_9: inventory error after payment — item not delivered
[0m  [2mOrder order_10: inventory error after payment — item not delivered
[0m  [2mOrder order_11: inventory error after payment — item not delivered
[0m  [2m
[0m  [2m=== Results ===
[0m  [2mSuccessful orders:  5
[0m  [2mItems sold:         5  (initial stock: 5)
[0m  [2mRemaining stock:    0
[0m  [2mTotal charged:      $1000.00
[0m  [2mExpected charge:    $500.00
[0m  [2mDuplicate charges:  0
[0m  [2mERROR: Charge amount does not match successful orders!
[0m  [2m---
[0m  [2mStarting simulation: 12 concurrent orders, stock=5
[0m  [2mOrder order_3: payment failed
[0m  [2mOrder order_11: payment failed
[0m  [2mOrder order_0: SUCCESS
[0m  [2mOrder order_1: SUCCESS
[0m  [2mOrder order_2: SUCCESS
[0m  [2mOrder order_4: SUCCESS
[0m  [2mOrder order_5: SUCCESS
[0m  [2mOrder order_6: inventory error after payment — item not delivered
[0m  [2mOrder order_7: inventory error after payment — item not delivered
[0m  [2mOrder order_8: inventory error after payment — item not delivered
[0m  [2mOrder order_9: inventory error after payment — item not delivered
[0m  [2mOrder order_10: inventory error after payment — item not delivered
[0m  [2m
[0m  [2m=== Results ===
[0m  [2mSuccessful orders:  5
[0m  [2mItems sold:         5  (initial stock: 5)
[0m  [2mRemaining stock:    0
[0m  [2mTotal charged:      $1000.00
[0m  [2mExpected charge:    $500.00
[0m  [2mDuplicate charges:  0
[0m  [2mERROR: Charge amount does not match successful orders!
[0m  [2m---
[0m  [2mStarting simulation: 12 concurrent orders, stock=5
[0m  [2mOrder order_7: payment failed
[0m  [2mOrder order_0: SUCCESS
[0m  [2mOrder order_1: SUCCESS
[0m  [2mOrder order_2: SUCCESS
[0m  [2mOrder order_3: SUCCESS
[0m  [2mOrder order_4: SUCCESS
[0m  [2mOrder order_5: inventory error after payment — item not delivered
[0m  [2mOrder order_6: inventory error after payment — item not delivered
[0m  [2mOrder order_8: inventory error after payment — item not delivered
[0m  [2mOrder order_9: inventory error after payment — item not delivered
[0m  [2mOrder order_10: inventory error after payment — item not delivered
[0m  [2mOrder order_11: inventory error after payment — item not delivered
[0m  [2m
[0m  [2m=== Results ===
[0m  [2mSuccessful orders:  5
[0m  [2mItems sold:         5  (initial stock: 5)
[0m  [2mRemaining stock:    0
[0m  [2mTotal charged:      $1100.00
[0m  [2mExpected charge:    $500.00
[0m  [2mDuplicate charges:  0
[0m  [2mERROR: Charge amount does not match successful orders!
[0m  [2m---
[0m  [2mStarting simulation: 12 concurrent orders, stock=5
[0m  [2mOrder order_3: payment failed
[0m  [2mOrder order_4: payment failed
[0m  [2mOrder order_6: payment failed
[0m  [2mOrder order_11: payment failed
[0m  [2mOrder order_0: SUCCESS
[0m  [2mOrder order_1: SUCCESS
[0m  [2mOrder order_2: SUCCESS
[0m  [2mOrder order_5: SUCCESS
[0m  [2mOrder order_7: SUCCESS
[0m  [2mOrder order_8: inventory error after payment — item not delivered
[0m  [2mOrder order_9: inventory error after payment — item not delivered
[0m  [2mOrder order_10: inventory error after payment — item not delivered
[0m  [2m
[0m  [2m=== Results ===
[0m  [2mSuccessful orders:  5
[0m  [2mItems sold:         5  (initial stock: 5)
[0m  [2mRemaining stock:    0
[0m  [2mTotal charged:      $800.00
[0m  [2mExpected charge:    $500.00
[0m  [2mDuplicate charges:  0
[0m  [2mERROR: Charge amount does not match successful orders!
[0m  [2m---
[0m  [2mStarting simulation: 12 concurrent orders, stock=5
[0m  [2mOrder order_4: payment failed
[0m  [2mOrder order_5: payment failed
[0m  [2mOrder order_0: SUCCESS
[0m  [2mOrder order_1: SUCCESS
[0m  [2mOrder order_2: SUCCESS
[0m  [2mOrder order_3: SUCCESS
[0m  [2mOrder order_6: SUCCESS
[0m  [2mOrder order_7: inventory error after payment — item not delivered
[0m  [2mOrder order_8: inventory error after payment — item not delivered
[0m  [2mOrder order_9: inventory error after payment — item not delivered
[0m  [2mOrder order_10: inventory error after payment — item not delivered
[0m  [2mOrder order_11: inventory error after payment — item not delivered
[0m  [2m
[0m  [2m=== Results ===
[0m  [2mSuccessful orders:  5
[0m  [2mItems sold:         5  (initial stock: 5)
[0m  [2mRemaining stock:    0
[0m  [2mTotal charged:      $1000.00
[0m  [2mExpected charge:    $500.00
[0m  [2mDuplicate charges:  0
[0m  [2mERROR: Charge amount does not match successful orders!
[0m  [2m---
[0m[2m
  🔠 functions.Shell:6 Executed
[0m[2m
  🧠 Interesting[0m[2m -[0m[2m in all[0m[2m 10[0m[2m runs,[0m[2m I see[0m[2m ghost charges[0m[2m but never[0m[2m negative inventory[0m[2m. That's[0m[2m because[0m[2m the `[0m[2mdecrement[0m[2m` race[0m[2m condition is[0m[2m harder[0m[2m to trigger[0m[2m with the[0m[2m specific[0m[2m timings[0m[2m. But[0m[2m it[0m[2m can definitely[0m[2m happen.[0m[2m Let me[0m[2m try with[0m[2m more[0m[2m orders[0m[2m or different[0m[2m timing to[0m[2m see negative[0m[2m inventory.[0m[2m
     
     Actually,[0m[2m let me[0m[2m create[0m[2m a quick[0m[2m test that[0m[2m should[0m[2m trigger negative[0m[2m inventory more[0m[2m reliably[0m[2m.[0m[2m
  🔄 Prepare tool parameters...[0m[2m
  🧰 functions.Shell:7 | Shell {'command': 'python -c "\nimport asyncio\n...', 'description': 'Test for negative inventory...'}
[0m  [2mtask 0 decremented
[0m  [2mtask 1 decremented
[0m  [2mtask 2 decremented
[0m  [2mtask 3 decremented
[0m  [2mtask 4 decremented
[0m  [2mtask 5 decremented
[0m  [2mtask 6 decremented
[0m  [2mtask 7 decremented
[0m  [2mtask 8 decremented
[0m  [2mtask 9 decremented
[0m  [2mtask 10 decremented
[0m  [2mtask 11 decremented
[0m  [2mtask 12 decremented
[0m  [2mtask 13 decremented
[0m  [2mtask 14 decremented
[0m  [2mtask 15 decremented
[0m  [2mtask 16 decremented
[0m  [2mtask 17 decremented
[0m  [2mtask 18 decremented
[0m  [2mtask 19 decremented
[0m  [2mfinal stock: 0
[0m[2m
  🔠 functions.Shell:7 Executed
[0m[2m
  🧠 Interesting[0m[2m -[0m[2m stock[0m[2m went to[0m[2m 0[0m[2m, not[0m[2m negative[0m[2m. That's[0m[2m because in[0m[2m my[0m[2m test,[0m[2m all tasks[0m[2m check stock[0m[2m first ([0m[2mgetting[0m[2m True[0m[2m because[0m[2m stock starts[0m[2m at[0m[2m 5),[0m[2m but[0m[2m then they[0m[2m all try[0m[2m to decrement[0m[2m. The[0m[2m `de[0m[2mcrement`[0m[2m method should[0m[2m allow[0m[2m multiple[0m[2m tasks to[0m[2m pass the[0m[2m check because[0m[2m of the[0m[2m `await[0m[2m asyncio.sleep[0m[2m(0[0m[2m.02[0m[2m)` before[0m[2m the[0m[2m check...[0m[2m wait,[0m[2m but[0m[2m in asyncio[0m[2m, tasks[0m[2m run[0m[2m in[0m[2m the order[0m[2m they were[0m[2m queued[0m[2m. Let[0m[2m me trace[0m[2m through[0m[2m more[0m[2m carefully.[0m[2m
     
     Actually,[0m[2m looking[0m[2m at `[0m[2mdecrement[0m[2m`:
     ```[0m[2mpython[0m[2m
     async def[0m[2m decrement(self[0m[2m, quantity[0m[2m: int[0m[2m) ->[0m[2m bool:[0m[2m
         await[0m[2m asyncio.sleep[0m[2m(0[0m[2m.02[0m[2m)[0m[2m
         if self[0m[2m._stock[0m[2m >= quantity[0m[2m:[0m[2m
             self._[0m[2mstock -=[0m[2m quantity[0m[2m
             return[0m[2m True[0m[2m
         return[0m[2m False[0m[2m
     ```
     
     In[0m[2m asyncio[0m[2m, when[0m[2m task[0m[2m 0[0m[2m calls[0m[2m `de[0m[2mcrement`,[0m[2m it hits[0m[2m `await[0m[2m asyncio.sleep[0m[2m(0[0m[2m.02[0m[2m)`[0m[2m and yields[0m[2m.[0m[2m Then[0m[2m task[0m[2m 1 calls[0m[2m `de[0m[2mcrement`,[0m[2m hits `[0m[2mawait asyncio[0m[2m.sleep([0m[2m0.[0m[2m02)`[0m[2m and yields[0m[2m. All[0m[2m 20[0m[2m tasks do[0m[2m this.[0m[2m Then after[0m[2m 0.[0m[2m02 seconds[0m[2m, the[0m[2m event[0m[2m loop resumes[0m[2m task[0m[2m 0[0m[2m,[0m[2m which checks[0m[2m `self[0m[2m._stock[0m[2m >=[0m[2m 1`[0m[2m (5[0m[2m >=[0m[2m 1[0m[2m, True[0m[2m), decre[0m[2mments to[0m[2m 4[0m[2m,[0m[2m returns True[0m[2m. Then[0m[2m task[0m[2m 1 resumes[0m[2m, checks[0m[2m `self[0m[2m._stock[0m[2m >=[0m[2m 1`[0m[2m (4[0m[2m >=[0m[2m 1,[0m[2m True),[0m[2m decrements[0m[2m to[0m[2m 3...[0m[2m and so[0m[2m on.[0m[2m So[0m[2m with[0m[2m 20[0m[2m tasks,[0m[2m stock would[0m[2m go to[0m[2m -15[0m[2m!
     
     But[0m[2m my[0m[2m test showed[0m[2m stock went[0m[2m to[0m[2m 0.[0m[2m That's[0m[2m because[0m[2m `[0m[2masync[0m[2mio[0m[2m.sleep([0m[2m0.[0m[2m02)`[0m[2m with[0m[2m 0 or[0m[2m very[0m[2m small values[0m[2m might behave[0m[2m differently.[0m[2m Actually[0m[2m wait[0m[2m, in[0m[2m my test[0m[2m, I[0m[2m used[0m[2m `await[0m[2m asyncio.sleep[0m[2m(0[0m[2m.01[0m[2m)` between[0m[2m check[0m[2m_stock and[0m[2m decrement.[0m[2m Let me[0m[2m re-run[0m[2m without[0m[2m that[0m[2m sleep[0m[2m.[0m[2m
  🔄 Prepare tool parameters...[0m[2m
  🧰 functions.Shell:8 | Shell {'command': 'python -c "\nimport asyncio\n...', 'description': 'Test direct decrement race'}
[0m  [2mtask 0 done, stock=4
[0m  [2mtask 1 done, stock=3
[0m  [2mtask 2 done, stock=2
[0m  [2mtask 3 done, stock=1
[0m  [2mtask 4 done, stock=0
[0m  [2mtask 5 done, stock=0
[0m  [2mtask 6 done, stock=0
[0m  [2mtask 7 done, stock=0
[0m  [2mtask 8 done, stock=0
[0m  [2mtask 9 done, stock=0
[0m  [2mtask 10 done, stock=0
[0m  [2mtask 11 done, stock=0
[0m  [2mtask 12 done, stock=0
[0m  [2mtask 13 done, stock=0
[0m  [2mtask 14 done, stock=0
[0m  [2mtask 15 done, stock=0
[0m  [2mtask 16 done, stock=0
[0m  [2mtask 17 done, stock=0
[0m  [2mtask 18 done, stock=0
[0m  [2mtask 19 done, stock=0
[0m  [2mfinal stock: 0
[0m[2m
  🔠 functions.Shell:8 Executed
[0m[2m
  🧠 Interesting[0m[2m! When[0m[2m calling[0m[2m `de[0m[2mcrement`[0m[2m directly without[0m[2m the[0m[2m intermediate[0m[2m `[0m[2masync[0m[2mio.sleep[0m[2m(0[0m[2m.01[0m[2m)`, it[0m[2m works[0m[2m correctly.[0m[2m Stock[0m[2m goes[0m[2m to[0m[2m 0,[0m[2m not negative[0m[2m. That's[0m[2m because[0m[2m `[0m[2masyncio[0m[2m.gather[0m[2m` runs[0m[2m tasks in[0m[2m a[0m[2m specific order[0m[2m -[0m[2m it[0m[2m schedules[0m[2m them,[0m[2m and they[0m[2m execute[0m[2m sequentially[0m[2m because[0m[2m `[0m[2mdecrement[0m[2m` yields[0m[2m immediately[0m[2m with `[0m[2masyncio[0m[2m.sleep([0m[2m0.[0m[2m02)`.[0m[2m 
     
     Wait,[0m[2m actually[0m[2m asyncio[0m[2m.g[0m[2mather schedules[0m[2m all[0m[2m tasks[0m[2m.[0m[2m When task[0m[2m 0[0m[2m hits[0m[2m `await[0m[2m asyncio.sleep[0m[2m(0[0m[2m.02[0m[2m)`, it[0m[2m yields[0m[2m. Then[0m[2m task[0m[2m 1 runs[0m[2m, hits[0m[2m `await[0m[2m asyncio.sleep[0m[2m(0[0m[2m.02[0m[2m)`, yields[0m[2m.[0m[2m And[0m[2m so on[0m[2m. After[0m[2m 0[0m[2m.02[0m[2m seconds,[0m[2m task[0m[2m 0 resumes[0m[2m, checks[0m[2m stock ([0m[2m5[0m[2m >=[0m[2m 1),[0m[2m decrements[0m[2m ([0m[2m4),[0m[2m returns.[0m[2m Then task[0m[2m 1[0m[2m resumes,[0m[2m checks stock[0m[2m (4[0m[2m >=[0m[2m 1),[0m[2m decrements[0m[2m (3[0m[2m)...[0m[2m So[0m[2m it SHOULD[0m[2m decrement[0m[2m sequentially,[0m[2m not concurrently[0m[2m.
     
     But[0m[2m in[0m[2m the[0m[2m actual[0m[2m `[0m[2mcheckout[0m[2m.py`,[0m[2m between[0m[2m `[0m[2mcheck_stock[0m[2m` and[0m[2m `de[0m[2mcrement`,[0m[2m there's `[0m[2mgateway.ch[0m[2marge()`[0m[2m which takes[0m[2m 0.[0m[2m03s[0m[2m. So[0m[2m all[0m[2m tasks pass[0m[2m `check[0m[2m_stock`,[0m[2m then they[0m[2m all do[0m[2m `charge[0m[2m` ([0m[2mwhich also[0m[2m yields[0m[2m), and[0m[2m then they[0m[2m all[0m[2m do `[0m[2mdecrement[0m[2m`. But[0m[2m in[0m[2m `de[0m[2mcrement`,[0m[2m they all[0m[2m hit `[0m[2mawait asyncio[0m[2m.sleep([0m[2m0.[0m[2m02)`[0m[2m at[0m[2m roughly[0m[2m the same[0m[2m time ([0m[2msince `[0m[2mcharge`[0m[2m takes[0m[2m 0[0m[2m.03[0m[2ms for[0m[2m all).[0m[2m Then they[0m[2m all wake[0m[2m up[0m[2m around[0m[2m the same[0m[2m time and[0m[2m check[0m[2m stock[0m[2m.[0m[2m
     
     Wait[0m[2m, but[0m[2m in my[0m[2m test where[0m[2m I added[0m[2m `await[0m[2m asyncio.sleep[0m[2m(0[0m[2m.01[0m[2m)` between[0m[2m `[0m[2mcheck_stock[0m[2m` and[0m[2m `de[0m[2mcrement`,[0m[2m all[0m[2m 20 tasks[0m[2m still[0m[2m decre[0m[2mmented...[0m[2m but stock[0m[2m ended[0m[2m at[0m[2m 0[0m[2m.[0m[2m That's[0m[2m odd[0m[2m.[0m[2m Let me[0m[2m look[0m[2m at[0m[2m that[0m[2m output again[0m[2m:
     
     ```[0m[2m
     task[0m[2m 0 decre[0m[2mmented[0m[2m
     task[0m[2m 1 decre[0m[2mmented[0m[2m
     ...
     task[0m[2m 19[0m[2m decremented[0m[2m
     final[0m[2m stock:[0m[2m 0[0m[2m
     ```[0m[2m
     
     All[0m[2m 20[0m[2m decre[0m[2mmented but[0m[2m stock is[0m[2m 0[0m[2m? That's[0m[2m impossible unless[0m[2m `[0m[2mself[0m[2m._stock[0m[2m -= quantity[0m[2m` is[0m[2m somehow not[0m[2m working[0m[2m. Wait[0m[2m, no[0m[2m - in[0m[2m that[0m[2m test,[0m[2m the[0m[2m tasks were[0m[2m:[0m[2m
     
     ```python[0m[2m
     available[0m[2m = await[0m[2m inv.check[0m[2m_stock([0m[2m1)[0m[2m
     if available[0m[2m:[0m[2m
         await asyncio[0m[2m.sleep([0m[2m0.[0m[2m01)[0m[2m
         await[0m[2m inv.de[0m[2mcrement([0m[2m1)[0m[2m
     ```
     
     But[0m[2m `check[0m[2m_stock`[0m[2m has[0m[2m `await[0m[2m asyncio.sleep[0m[2m(0[0m[2m.02[0m[2m)`. So[0m[2m all tasks[0m[2m pass[0m[2m check[0m[2m_stock.[0m[2m Then they[0m[2m all sleep[0m[2m 0.[0m[2m01.[0m[2m Then they[0m[2m all call[0m[2m `de[0m[2mcrement`,[0m[2m which sleeps[0m[2m 0[0m[2m.02[0m[2m. So[0m[2m all[0m[2m 20 tasks[0m[2m are[0m[2m inside[0m[2m `de[0m[2mcrement`'[0m[2ms sleep[0m[2m. Then[0m[2m they all[0m[2m wake up[0m[2m...[0m[2m 
     
     Wait[0m[2m, actually[0m[2m `[0m[2masyncio[0m[2m.sleep[0m[2m`[0m[2m uses the[0m[2m event loop[0m[2m. If[0m[2m all tasks[0m[2m call[0m[2m `async[0m[2mio.sleep[0m[2m(0[0m[2m.02[0m[2m)` at[0m[2m approximately[0m[2m the same[0m[2m time,[0m[2m they'll[0m[2m all resume[0m[2m at approximately[0m[2m the same[0m[2m time.[0m[2m The[0m[2m event[0m[2m loop then[0m[2m processes them[0m[2m in order[0m[2m. Task[0m[2m 0[0m[2m checks stock[0m[2m (5[0m[2m >=[0m[2m 1),[0m[2m decrements[0m[2m ([0m[2m4).[0m[2m Task[0m[2m 1 checks[0m[2m stock[0m[2m (4[0m[2m >=[0m[2m 1),[0m[2m decrements[0m[2m (3[0m[2m)... This[0m[2m would[0m[2m go[0m[2m negative[0m[2m if[0m[2m there are[0m[2m 20 tasks[0m[2m.
     
     But[0m[2m in my[0m[2m test,[0m[2m stock was[0m[2m 0[0m[2m. Let[0m[2m me re[0m[2m-examine[0m[2m...[0m[2m oh[0m[2m wait[0m[2m! I[0m[2m see it[0m[2m now[0m[2m. In[0m[2m my test[0m[2m:[0m[2m
     
     ```python[0m[2m
     async[0m[2m def task[0m[2m(i):[0m[2m
         available[0m[2m = await[0m[2m inv.check[0m[2m_stock([0m[2m1)[0m[2m
         if[0m[2m available:[0m[2m
             await[0m[2m asyncio.sleep[0m[2m(0[0m[2m.01[0m[2m)[0m[2m  # simulate[0m[2m charge delay[0m[2m
             await inv[0m[2m.decrement[0m[2m(1[0m[2m)[0m[2m
             print(f[0m[2m'task[0m[2m {i[0m[2m} decre[0m[2mmented')[0m[2m
         else[0m[2m:[0m[2m
             print(f[0m[2m'task[0m[2m {i[0m[2m} out[0m[2m of stock[0m[2m')
     ```[0m[2m
     
     `[0m[2minv[0m[2m.check_stock[0m[2m(1[0m[2m)` returns[0m[2m True[0m[2m for[0m[2m the[0m[2m first few[0m[2m tasks,[0m[2m but once[0m[2m stock[0m[2m goes[0m[2m negative[0m[2m...[0m[2m no[0m[2m wait[0m[2m, `[0m[2mcheck_stock[0m[2m` just[0m[2m returns[0m[2m `self[0m[2m._stock[0m[2m >= quantity[0m[2m`. It[0m[2m doesn't modify[0m[2m stock[0m[2m. So[0m[2m all[0m[2m 20 should[0m[2m get[0m[2m True.[0m[2m
     
     Let[0m[2m me run[0m[2m it[0m[2m again with[0m[2m some[0m[2m debugging[0m[2m.[0m[2m
  🔄 Prepare tool parameters...[0m[2m
  🧰 functions.Shell:9 | Shell {'command': 'python -c "\nimport asyncio\n...', 'description': 'Debug the inventory race co...'}
[0m  [2mtask 0 check_stock=True, stock=5
[0m  [2mtask 1 check_stock=True, stock=5
[0m  [2mtask 2 check_stock=True, stock=5
[0m  [2mtask 3 check_stock=True, stock=5
[0m  [2mtask 4 check_stock=True, stock=5
[0m  [2mtask 5 check_stock=True, stock=5
[0m  [2mtask 6 check_stock=True, stock=5
[0m  [2mtask 7 check_stock=True, stock=5
[0m  [2mtask 8 check_stock=True, stock=5
[0m  [2mtask 9 check_stock=True, stock=5
[0m  [2mtask 10 check_stock=True, stock=5
[0m  [2mtask 11 check_stock=True, stock=5
[0m  [2mtask 12 check_stock=True, stock=5
[0m  [2mtask 13 check_stock=True, stock=5
[0m  [2mtask 14 check_stock=True, stock=5
[0m  [2mtask 15 check_stock=True, stock=5
[0m  [2mtask 16 check_stock=True, stock=5
[0m  [2mtask 17 check_stock=True, stock=5
[0m  [2mtask 18 check_stock=True, stock=5
[0m  [2mtask 19 check_stock=True, stock=5
[0m  [2mtask 0 decrement=True, stock=4
[0m  [2mtask 1 decrement=True, stock=3
[0m  [2mtask 2 decrement=True, stock=2
[0m  [2mtask 3 decrement=True, stock=1
[0m  [2mtask 4 decrement=True, stock=0
[0m  [2mtask 5 decrement=False, stock=0
[0m  [2mtask 6 decrement=False, stock=0
[0m  [2mtask 7 decrement=False, stock=0
[0m  [2mtask 8 decrement=False, stock=0
[0m  [2mtask 9 decrement=False, stock=0
[0m  [2mtask 10 decrement=False, stock=0
[0m  [2mtask 11 decrement=False, stock=0
[0m  [2mtask 12 decrement=False, stock=0
[0m  [2mtask 13 decrement=False, stock=0
[0m  [2mtask 14 decrement=False, stock=0
[0m  [2mtask 15 decrement=False, stock=0
[0m  [2mtask 16 decrement=False, stock=0
[0m  [2mtask 17 decrement=False, stock=0
[0m  [2mtask 18 decrement=False, stock=0
[0m  [2mtask 19 decrement=False, stock=0
[0m  [2mfinal stock: 0
[0m[2m
  🔠 functions.Shell:9 Executed
[0m[2m
  🧠 Ah[0m[2m,[0m[2m I see[0m[2m now[0m[2m.[0m[2m The[0m[2m `de[0m[2mcrement`[0m[2m method actually[0m[2m works correctly[0m[2m when[0m[2m called sequentially[0m[2m because the[0m[2m tasks were[0m[2m scheduled[0m[2m by `[0m[2masyncio[0m[2m.gather[0m[2m` and[0m[2m they[0m[2m execute[0m[2m in order[0m[2m when[0m[2m they wake[0m[2m up.[0m[2m The[0m[2m first[0m[2m 5 decrement[0m[2m successfully[0m[2m, the[0m[2m rest fail[0m[2m.[0m[2m
     
     But in[0m[2m the actual[0m[2m `checkout[0m[2m.py`,[0m[2m the[0m[2m flow[0m[2m is:[0m[2m
     1.[0m[2m `check[0m[2m_stock`[0m[2m (sleep[0m[2m 0[0m[2m.02[0m[2m)
     2[0m[2m. `[0m[2mcharge`[0m[2m (sleep[0m[2m 0[0m[2m.03[0m[2m)
     3[0m[2m. `[0m[2mdecrement[0m[2m` ([0m[2msleep[0m[2m 0.[0m[2m02)[0m[2m
     
     The[0m[2m key[0m[2m insight[0m[2m is that[0m[2m `charge[0m[2m` doesn't[0m[2m modify[0m[2m inventory.[0m[2m So after[0m[2m all[0m[2m tasks[0m[2m pass `[0m[2mcheck_stock[0m[2m`[0m[2m and then[0m[2m `[0m[2mcharge`,[0m[2m the[0m[2m inventory[0m[2m is still[0m[2m at[0m[2m its[0m[2m initial value[0m[2m ([0m[2m5).[0m[2m Then all[0m[2m tasks[0m[2m that passed[0m[2m `charge[0m[2m` call[0m[2m `de[0m[2mcrement`.[0m[2m The[0m[2m first[0m[2m 5 succeed[0m[2m, the[0m[2m rest fail[0m[2m. That's[0m[2m why in[0m[2m `[0m[2mmain.py[0m[2m`, items[0m[2m_s[0m[2mold is[0m[2m always[0m[2m 5 and[0m[2m stock[0m[2m is[0m[2m always[0m[2m 0 -[0m[2m the[0m[2m `[0m[2mdecrement[0m[2m` method[0m[2m is[0m[2m actually safe[0m[2m in this[0m[2m specific asyncio[0m[2m setup[0m[2m because the[0m[2m event[0m[2m loop processes[0m[2m tasks sequentially[0m[2m.
     
     Wait[0m[2m, but[0m[2m then why[0m[2m does[0m[2m the requirement[0m[2m say inventory[0m[2m goes negative[0m[2m? Let[0m[2m me test[0m[2m more carefully[0m[2m. Maybe[0m[2m if[0m[2m I[0m[2m add more[0m[2m concurrent tasks[0m[2m or use[0m[2m `[0m[2masync[0m[2mio.create[0m[2m_task`[0m[2m instead[0m[2m of `[0m[2masync[0m[2mio.g[0m[2mather`[0m[2m?[0m[2m
     
     Actually,[0m[2m looking[0m[2m at the[0m[2m actual[0m[2m output[0m[2m from[0m[2m `main[0m[2m.py`,[0m[2m inventory never[0m[2m went[0m[2m negative in[0m[2m 10 runs[0m[2m. But[0m[2m the issue[0m[2m says[0m[2m "[0m[2mItems[0m[2m are sometimes[0m[2m sold even[0m[2m when out[0m[2m of stock[0m[2m. Inventory[0m[2m goes negative[0m[2m." This[0m[2m suggests[0m[2m that[0m[2m under certain[0m[2m conditions it[0m[2m can happen[0m[2m.[0m[2m 
     
     Let[0m[2m me think[0m[2m about when[0m[2m `[0m[2mdecrement[0m[2m` could[0m[2m cause[0m[2m negative stock[0m[2m in[0m[2m asyncio.[0m[2m Since[0m[2m asyncio[0m[2m is single[0m[2m-threaded[0m[2m and[0m[2m cooperative,[0m[2m two[0m[2m tasks can't[0m[2m be[0m[2m inside[0m[2m the `[0m[2mif self[0m[2m._stock[0m[2m >= quantity[0m[2m:` block[0m[2m at[0m[2m the same[0m[2m time in[0m[2m the way[0m[2m threads[0m[2m can.[0m[2m The[0m[2m `[0m[2mawait asyncio[0m[2m.sleep([0m[2m0.[0m[2m02)`[0m[2m susp[0m[2mends[0m[2m the task[0m[2m, but[0m[2m when it[0m[2m resumes,[0m[2m it[0m[2m runs[0m[2m the check[0m[2m and then[0m[2m immediately[0m[2m does[0m[2m `[0m[2mself._[0m[2mstock -=[0m[2m quantity`[0m[2m before any[0m[2m other task[0m[2m can run[0m[2m ([0m[2mbecause[0m[2m there's no[0m[2m `await[0m[2m` between[0m[2m the check[0m[2m and the[0m[2m subtraction[0m[2m).
     
     Wait[0m[2m![0m[2m That's the[0m[2m key.[0m[2m In `[0m[2mdecrement[0m[2m`:
     ```[0m[2mpython[0m[2m
     await asyncio[0m[2m.sleep([0m[2m0.[0m[2m02)[0m[2m
     if self[0m[2m._stock[0m[2m >= quantity[0m[2m:[0m[2m
         self._[0m[2mstock -=[0m[2m quantity[0m[2m
         return[0m[2m True[0m[2m
     return False[0m[2m
     ```[0m[2m
     
     There's[0m[2m no `[0m[2mawait`[0m[2m between the[0m[2m `[0m[2mif`[0m[2m check and[0m[2m `[0m[2mself._[0m[2mstock -=[0m[2m quantity`.[0m[2m So once[0m[2m a[0m[2m task resumes[0m[2m from[0m[2m `[0m[2msleep[0m[2m`, it[0m[2m completes[0m[2m the entire[0m[2m check-and[0m[2m-sub[0m[2mtract[0m[2m before the[0m[2m event loop[0m[2m can switch[0m[2m to another[0m[2m task.[0m[2m This[0m[2m means `[0m[2mdecrement[0m[2m` is[0m[2m actually atomic[0m[2m in asyncio[0m[2m!
     
     So[0m[2m the[0m[2m negative inventory[0m[2m issue in[0m[2m `de[0m[2mcrement`[0m[2m itself doesn't[0m[2m manifest[0m[2m in asyncio[0m[2m. But[0m[2m it[0m[2m W[0m[2mOULD manifest[0m[2m in threading[0m[2m. And[0m[2m in fact[0m[2m, the[0m[2m README[0m[2m mentions[0m[2m "[0m[2mcon[0m[2mcurrent[0m[2m simulation",[0m[2m and[0m[2m in[0m[2m Python[0m[2m "[0m[2mconcurrent[0m[2m" usually[0m[2m means asyncio[0m[2m,[0m[2m threads[0m[2m, or[0m[2m processes.[0m[2m
     
     But wait[0m[2m -[0m[2m if[0m[2m `de[0m[2mcrement`[0m[2m is safe[0m[2m in asyncio[0m[2m, why[0m[2m does the[0m[2m issue mention[0m[2m negative inventory[0m[2m? Maybe[0m[2m it's[0m[2m about[0m[2m the separation[0m[2m between `[0m[2mcheck_stock[0m[2m` and[0m[2m `de[0m[2mcrement`.[0m[2m In `[0m[2mcheckout.py[0m[2m`, if[0m[2m we[0m[2m have[0m[2m 10[0m[2m orders and[0m[2m stock is[0m[2m 5[0m[2m:[0m[2m
     - All[0m[2m 10[0m[2m pass[0m[2m `check[0m[2m_stock`[0m[2m
     -[0m[2m 7[0m[2m pass[0m[2m `charge[0m[2m` ([0m[2mrandom[0m[2m failures[0m[2m)
     -[0m[2m 5[0m[2m succeed[0m[2m at[0m[2m `de[0m[2mcrement`,[0m[2m 2 fail[0m[2m
     
     But those[0m[2m 2[0m[2m that failed[0m[2m at `[0m[2mdecrement[0m[2m` were[0m[2m already charged[0m[2m! That's[0m[2m the ghost[0m[2m charge.[0m[2m The items[0m[2m sold is[0m[2m still[0m[2m 5 ([0m[2mnot[0m[2m more[0m[2m than[0m[2m 5),[0m[2m so there's[0m[2m no overs[0m[2melling.[0m[2m
     
     Hmm[0m[2m, but[0m[2m the[0m[2m issue says[0m[2m "O[0m[2mverselling[0m[2m: Items[0m[2m are sometimes[0m[2m sold even[0m[2m when out[0m[2m of stock[0m[2m. Inventory[0m[2m goes negative[0m[2m." If[0m[2m `[0m[2mdecrement[0m[2m` is[0m[2m atomic in[0m[2m asyncio,[0m[2m how[0m[2m does[0m[2m stock[0m[2m go negative[0m[2m?
     
     Maybe[0m[2m the stock[0m[2m goes[0m[2m negative because[0m[2m of[0m[2m a[0m[2m different issue[0m[2m. Let[0m[2m me look[0m[2m at `[0m[2mmain.py[0m[2m` more[0m[2m carefully.[0m[2m Or[0m[2m maybe the[0m[2m issue is[0m[2m that the[0m[2m inventory[0m[2m CAN[0m[2m go negative[0m[2m if[0m[2m the[0m[2m test[0m[2m is modified[0m[2m or[0m[2m if we[0m[2m use[0m[2m threads[0m[2m.[0m[2m
     
     Actually,[0m[2m wait.[0m[2m Let me[0m[2m check[0m[2m if the[0m[2m `[0m[2mmain[0m[2m.py`[0m[2m simulation[0m[2m uses threads[0m[2m or processes[0m[2m. It[0m[2m uses `[0m[2masyncio[0m[2m.gather[0m[2m`, so[0m[2m it's asyncio[0m[2m.[0m[2m But the[0m[2m `Inventory[0m[2m` class[0m[2m doesn't use[0m[2m any locks[0m[2m. If[0m[2m someone[0m[2m were to[0m[2m use it[0m[2m with threads[0m[2m (`[0m[2mthread[0m[2ming.Thread[0m[2m`), the[0m[2m negative[0m[2m inventory would[0m[2m happen[0m[2m.
     
     Or[0m[2m maybe...[0m[2m let[0m[2m me try[0m[2m with[0m[2m `[0m[2masyncio[0m[2m.create_task[0m[2m` and[0m[2m `[0m[2mloop[0m[2m.call[0m[2m_s[0m[2moon[0m[2m` to[0m[2m get[0m[2m inter[0m[2mleaving[0m[2m. Or[0m[2m maybe with[0m[2m `[0m[2masyncio[0m[2m.sleep[0m[2m(0[0m[2m)` instead[0m[2m of[0m[2m `0[0m[2m.02[0m[2m`.
     
     Actually[0m[2m, you[0m[2m know what[0m[2m, let[0m[2m me just[0m[2m make[0m[2m the[0m[2m code[0m[2m robust for[0m[2m both asyncio[0m[2m and threaded[0m[2m use[0m[2m. The[0m[2m fix[0m[2m should[0m[2m use[0m[2m locks in[0m[2m `Inventory[0m[2m` and[0m[2m `[0m[2mPaymentGateway[0m[2m`[0m[2m to[0m[2m be[0m[2m safe.[0m[2m
     
     But[0m[2m there's[0m[2m another[0m[2m possibility[0m[2m: maybe[0m[2m the negative[0m[2m inventory happens[0m[2m when[0m[2m `de[0m[2mcrement`[0m[2m is called[0m[2m multiple[0m[2m times for[0m[2m the same[0m[2m order?[0m[2m Or[0m[2m maybe[0m[2m the[0m[2m test[0m[2m in[0m[2m main.py[0m[2m can[0m[2m show[0m[2m negative inventory[0m[2m under[0m[2m certain random[0m[2m seeds[0m[2m?
     
     Let[0m[2m me try[0m[2m running[0m[2m with[0m[2m a specific[0m[2m seed[0m[2m or[0m[2m many[0m[2m more[0m[2m orders[0m[2m.[0m[2m
  🔄 Prepare tool parameters...[0m[2m
  🧰 functions.Shell:10 | Shell {'command': 'python -c "\nimport asyncio\n...', 'description': 'Test with random delays to ...'}
[0m  [2mtask 3 decremented, stock=4
[0m  [2mtask 10 decremented, stock=3
[0m  [2mtask 12 decremented, stock=2
[0m  [2mtask 9 decremented, stock=1
[0m  [2mtask 13 decremented, stock=0
[0m  [2mtask 17 decrement failed, stock=0
[0m  [2mtask 15 decrement failed, stock=0
[0m  [2mtask 14 decrement failed, stock=0
[0m  [2mtask 2 decrement failed, stock=0
[0m  [2mtask 6 decrement failed, stock=0
[0m  [2mtask 19 decrement failed, stock=0
[0m  [2mtask 4 decrement failed, stock=0
[0m  [2mtask 11 decrement failed, stock=0
[0m  [2mtask 1 decrement failed, stock=0
[0m  [2mtask 8 decrement failed, stock=0
[0m  [2mtask 16 decrement failed, stock=0
[0m  [2mtask 5 decrement failed, stock=0
[0m  [2mtask 18 decrement failed, stock=0
[0m  [2mtask 7 decrement failed, stock=0
[0m  [2mtask 0 decrement failed, stock=0
[0m  [2mfinal stock: 0
[0m[2m
  🔠 functions.Shell:10 Executed
[0m[2m
  🧠 I[0m[2m keep[0m[2m seeing[0m[2m stock at[0m[2m 0[0m[2m, not[0m[2m negative.[0m[2m Let[0m[2m me think[0m[2m about why[0m[2m.[0m[2m
     
     In Python[0m[2m asyncio[0m[2m, tasks[0m[2m are cooperative[0m[2m. When[0m[2m task[0m[2m A[0m[2m hits `[0m[2mawait asyncio[0m[2m.sleep([0m[2m0.[0m[2m02)`,[0m[2m it susp[0m[2mends.[0m[2m Other[0m[2m tasks run[0m[2m. But[0m[2m when task[0m[2m A resumes[0m[2m from sleep[0m[2m, it[0m[2m runs[0m[2m until[0m[2m it[0m[2m hits another[0m[2m `await[0m[2m`. In[0m[2m `de[0m[2mcrement`:[0m[2m
     
     ```python[0m[2m
     await[0m[2m asyncio.sleep[0m[2m(0[0m[2m.02[0m[2m)
     if[0m[2m self._[0m[2mstock >=[0m[2m quantity:[0m[2m
         self[0m[2m._stock[0m[2m -= quantity[0m[2m
         return True[0m[2m
     return[0m[2m False[0m[2m
     ```
     
     After[0m[2m the[0m[2m sleep,[0m[2m there's[0m[2m no `[0m[2mawait`[0m[2m between the[0m[2m `[0m[2mif`[0m[2m check and[0m[2m the `[0m[2mreturn`.[0m[2m So task[0m[2m A checks[0m[2m the condition[0m[2m, decre[0m[2mments,[0m[2m and returns[0m[2m -[0m[2m all without[0m[2m yielding[0m[2m. Other[0m[2m tasks only[0m[2m get a[0m[2m chance to[0m[2m run after[0m[2m task[0m[2m A has[0m[2m completed[0m[2m the decrement[0m[2m.[0m[2m
     
     This[0m[2m means `[0m[2mdecrement[0m[2m` is[0m[2m actually atomic[0m[2m in asyncio[0m[2m! The[0m[2m check and[0m[2m decrement cannot[0m[2m be[0m[2m interleaved[0m[2m with[0m[2m other tasks[0m[2m'[0m[2m check[0m[2m-and-de[0m[2mcrement operations[0m[2m.
     
     So[0m[2m the[0m[2m negative inventory[0m[2m issue in[0m[2m `de[0m[2mcrement`[0m[2m itself does[0m[2m NOT manifest[0m[2m with[0m[2m asyncio.[0m[2m
     
     But wait[0m[2m - the[0m[2m problem[0m[2m statement[0m[2m says "[0m[2mInventory goes[0m[2m negative"[0m[2m and "[0m[2mrun[0m[2m it to[0m[2m reproduce the[0m[2m issues."[0m[2m And[0m[2m I[0m[2m just[0m[2m ran it[0m[2m and didn't[0m[2m see negative[0m[2m inventory.[0m[2m Maybe[0m[2m the[0m[2m negative[0m[2m inventory issue[0m[2m is actually[0m[2m caused[0m[2m by the[0m[2m `check[0m[2m_stock`[0m[2m + `[0m[2mdecrement[0m[2m` separation[0m[2m combined[0m[2m with `[0m[2mincrement[0m[2m`?[0m[2m
     
     Wait[0m[2m, let[0m[2m me re[0m[2m-read `[0m[2mcheckout[0m[2m.py`.[0m[2m After[0m[2m payment[0m[2m failure[0m[2m, does[0m[2m it restore[0m[2m inventory?[0m[2m No![0m[2m So if[0m[2m someone[0m[2m were[0m[2m to retry[0m[2m failed[0m[2m payments[0m[2m... but[0m[2m `[0m[2mmain.py[0m[2m` doesn't[0m[2m retry[0m[2m.
     
     Hmm[0m[2m, maybe[0m[2m the negative[0m[2m inventory happens[0m[2m in a[0m[2m different scenario[0m[2m. Or[0m[2m maybe I[0m[2m need to[0m[2m look at[0m[2m whether[0m[2m `check[0m[2m_stock`[0m[2m could[0m[2m return[0m[2m True while[0m[2m another[0m[2m task[0m[2m is in[0m[2m the middle[0m[2m of decrement[0m[2ming.[0m[2m No[0m[2m, because[0m[2m decrement is[0m[2m atomic in[0m[2m asyncio.[0m[2m
     
     Actually,[0m[2m wait[0m[2m. Could[0m[2m the[0m[2m negative inventory[0m[2m happen with[0m[2m the[0m[2m `increment[0m[2m` method[0m[2m? If[0m[2m `[0m[2mincrement[0m[2m` and[0m[2m `de[0m[2mcrement`[0m[2m run[0m[2m concurrently...[0m[2m but `[0m[2mincrement`[0m[2m is only[0m[2m called when[0m[2m there's[0m[2m a failed[0m[2m charge ([0m[2min my[0m[2m proposed[0m[2m fix),[0m[2m not in[0m[2m the current[0m[2m code.[0m[2m
     
     Let me[0m[2m re-read[0m[2m the problem[0m[2m:[0m[2m "O[0m[2mverselling[0m[2m: Items[0m[2m are sometimes[0m[2m sold even[0m[2m when out[0m[2m of stock[0m[2m. Inventory[0m[2m goes negative[0m[2m."[0m[2m
     
     Maybe this[0m[2m is a[0m[2m theoretical issue[0m[2m that the[0m[2m code is[0m[2m prone[0m[2m to,[0m[2m but[0m[2m the[0m[2m specific asyncio[0m[2m simulation[0m[2m doesn't always[0m[2m reproduce[0m[2m it.[0m[2m Or maybe[0m[2m I'm[0m[2m wrong[0m[2m about asyncio[0m[2m atomic[0m[2mity.[0m[2m Let me[0m[2m verify[0m[2m by[0m[2m looking[0m[2m at the[0m[2m CPython[0m[2m bytecode.[0m[2m
     
     Actually,[0m[2m you know[0m[2m what -[0m[2m `[0m[2mself[0m[2m._[0m[2mstock -=[0m[2m quantity`[0m[2m is NOT[0m[2m a single[0m[2m bytecode.[0m[2m It's:[0m[2m
     -[0m[2m LOAD_FAST[0m[2m self[0m[2m
     - LOAD[0m[2m_ATTR[0m[2m _stock[0m[2m
     -[0m[2m LOAD_FAST[0m[2m quantity[0m[2m
     - IN[0m[2mPLACE_SUB[0m[2mTRACT[0m[2m
     -[0m[2m STORE_ATTR[0m[2m _stock[0m[2m
     
     In[0m[2m C[0m[2mPython,[0m[2m there's[0m[2m a `[0m[2mCHECK[0m[2m_EVAL[0m[2m_BREAK[0m[2mER()`[0m[2m between byte[0m[2mcodes,[0m[2m which[0m[2m could[0m[2m allow a[0m[2m signal handler[0m[2m to[0m[2m run.[0m[2m But asyncio[0m[2m task[0m[2m switching[0m[2m only[0m[2m happens at[0m[2m `await[0m[2m` boundaries[0m[2m (or[0m[2m `[0m[2masyncio[0m[2m.sleep([0m[2m0)`[0m[2m). Between[0m[2m byte[0m[2mcodes in[0m[2m a normal[0m[2m Python[0m[2m function,[0m[2m the[0m[2m event[0m[2m loop doesn't[0m[2m switch[0m[2m tasks[0m[2m because there's[0m[2m no `[0m[2mawait`.[0m[2m
     
     Wait[0m[2m, that's[0m[2m not[0m[2m entirely[0m[2m true.[0m[2m In C[0m[2mPython[0m[2m 3.[0m[2m11+,[0m[2m there's `[0m[2msys[0m[2m.s[0m[2mets[0m[2mwitchinterval[0m[2m` and[0m[2m the[0m[2m G[0m[2mIL release[0m[2m every[0m[2m 5[0m[2mms.[0m[2m But asyncio[0m[2m tasks[0m[2m all[0m[2m run in[0m[2m the same[0m[2m thread,[0m[2m and[0m[2m task[0m[2m switching in[0m[2m asyncio is[0m[2m cooperative,[0m[2m not preempt[0m[2mive.[0m[2m The event[0m[2m loop doesn't[0m[2m force[0m[2m-switch[0m[2m between[0m[2m tasks running[0m[2m Python[0m[2m code -[0m[2m it only[0m[2m switches when[0m[2m a task[0m[2m yields ([0m[2mhits[0m[2m `[0m[2mawait`[0m[2m).
     
     So[0m[2m yes,[0m[2m between[0m[2m `if[0m[2m self._[0m[2mstock >=[0m[2m quantity:`[0m[2m and `[0m[2mself._[0m[2mstock -=[0m[2m quantity`,[0m[2m no[0m[2m other[0m[2m asyncio[0m[2m task can[0m[2m run because[0m[2m there's no[0m[2m `await[0m[2m`.[0m[2m The[0m[2m decrement[0m[2m method[0m[2m is atomic[0m[2m for[0m[2m asyncio.[0m[2m
     
     But what[0m[2m about[0m[2m `check[0m[2m_stock`[0m[2m? It's[0m[2m separate[0m[2m from[0m[2m `de[0m[2mcrement`.[0m[2m In[0m[2m `checkout[0m[2m.py`:[0m[2m
     1[0m[2m. Task[0m[2m A:[0m[2m `[0m[2mcheck_stock[0m[2m` returns[0m[2m True[0m[2m
     2.[0m[2m Task B[0m[2m: `[0m[2mcheck_stock[0m[2m` returns[0m[2m True[0m[2m
     3.[0m[2m Task A[0m[2m: `[0m[2mdecrement[0m[2m` succeeds[0m[2m,[0m[2m stock=[0m[2m4[0m[2m
     4.[0m[2m Task B[0m[2m: `[0m[2mdecrement[0m[2m` succeeds[0m[2m, stock[0m[2m=3[0m[2m
     ...
     
     So[0m[2m we[0m[2m can't[0m[2m oversell[0m[2m with[0m[2m the[0m[2m current asyncio[0m[2m code.[0m[2m But we[0m[2m CAN[0m[2m have ghost[0m[2m charges.[0m[2m
     
     Wait[0m[2m, maybe[0m[2m the[0m[2m issue description[0m[2m includes[0m[2m the[0m[2m possibility[0m[2m of[0m[2m threads[0m[2m?[0m[2m The `[0m[2mInventory[0m[2m` class[0m[2m doesn't use[0m[2m any[0m[2m locks,[0m[2m so if[0m[2m someone used[0m[2m it with[0m[2m `Thread[0m[2mPoolExecutor[0m[2m` or[0m[2m `thread[0m[2ming.Thread[0m[2m`, it[0m[2m would definitely[0m[2m have negative[0m[2m inventory.[0m[2m
     
     Regardless[0m[2m, the[0m[2m fix should[0m[2m make `[0m[2mInventory[0m[2m` thread[0m[2m-safe and[0m[2m async-safe[0m[2m. Using[0m[2m `async[0m[2mio.Lock[0m[2m` in[0m[2m `Inventory[0m[2m` is[0m[2m the right[0m[2m approach.[0m[2m
     
     Now[0m[2m let[0m[2m me think[0m[2m about the[0m[2m `[0m[2mPaymentGateway[0m[2m`.[0m[2m The[0m[2m duplicate[0m[2m charges issue[0m[2m - in[0m[2m the[0m[2m current code[0m[2m with[0m[2m unique[0m[2m order_ids[0m[2m, this[0m[2m shouldn't happen[0m[2m. But[0m[2m the[0m[2m requirement explicitly[0m[2m says "[0m[2mNo order[0m[2m is charged[0m[2m more than[0m[2m once."[0m[2m I[0m[2m need[0m[2m to add[0m[2m duplicate[0m[2m prevention.[0m[2m
     
     Looking[0m[2m at `[0m[2mpayments[0m[2m.py`[0m[2m again,[0m[2m `[0m[2mcharge`[0m[2m doesn't have[0m[2m a[0m[2m lock.[0m[2m In[0m[2m asyncio,[0m[2m `[0m[2mself[0m[2m.ch[0m[2marges.append[0m[2m(...[0m[2m)` is[0m[2m actually[0m[2m a[0m[2m single bytecode[0m[2m ([0m[2mmethod[0m[2m call),[0m[2m but `[0m[2mself.total[0m[2m_charged[0m[2m += amount[0m[2m` is[0m[2m multiple byte[0m[2mcodes.[0m[2m However,[0m[2m since[0m[2m there's no[0m[2m `await[0m[2m` between[0m[2m them[0m[2m, they're[0m[2m safe[0m[2m from asyncio[0m[2m inter[0m[2mleaving[0m[2m.[0m[2m But with[0m[2m threads[0m[2m, they'd[0m[2m be[0m[2m unsafe.[0m[2m
     
     And duplicate[0m[2m prevention[0m[2m for[0m[2m the same[0m[2m order_id[0m[2m requires[0m[2m checking[0m[2m if the[0m[2m order_id[0m[2m was already[0m[2m charged.[0m[2m This[0m[2m check[0m[2m and[0m[2m the append[0m[2m need[0m[2m to be[0m[2m atomic.[0m[2m
     
     Let me[0m[2m also[0m[2m consider[0m[2m: what[0m[2m if the[0m[2m duplicate[0m[2m charge issue[0m[2m is[0m[2m about the[0m[2m `[0m[2mcheckout`[0m[2m function being[0m[2m called twice[0m[2m with the[0m[2m same order[0m[2m_id?[0m[2m We[0m[2m should prevent[0m[2m that at[0m[2m the payment[0m[2m gateway level[0m[2m.
     
     OK[0m[2m, so[0m[2m my fix[0m[2m plan[0m[2m is[0m[2m:
     
     1[0m[2m. **`[0m[2minventory[0m[2m.py`[0m[2m**: Add[0m[2m `async[0m[2mio.Lock[0m[2m` to[0m[2m protect `[0m[2mdecrement[0m[2m`, `[0m[2mincrement`,[0m[2m and `[0m[2mcheck_stock[0m[2m` ([0m[2mor at[0m[2m least `[0m[2mdecrement[0m[2m` and[0m[2m `increment[0m[2m`). Actually[0m[2m, to[0m[2m make the[0m[2m checkout[0m[2m flow safe[0m[2m, I[0m[2m need[0m[2m a[0m[2m way[0m[2m to atom[0m[2mically check[0m[2m and decrement[0m[2m. But[0m[2m since[0m[2m `de[0m[2mcrement`[0m[2m is already[0m[2m atomic in[0m[2m asyncio ([0m[2mno[0m[2m internal[0m[2m `await[0m[2m` between[0m[2m check and[0m[2m modify[0m[2m), maybe[0m[2m I just[0m[2m need to[0m[2m add[0m[2m a lock[0m[2m to[0m[2m make it[0m[2m thread-safe[0m[2m too.[0m[2m
     
     Wait[0m[2m, the[0m[2m instruction[0m[2m says "[0m[2mDo not[0m[2m change the[0m[2m public interfaces[0m[2m of `[0m[2mInventory`[0m[2m or `[0m[2mPaymentGateway[0m[2m`. You[0m[2m may add[0m[2m methods to[0m[2m them."[0m[2m I[0m[2m can add[0m[2m a[0m[2m new[0m[2m method like[0m[2m `reserve[0m[2m([0m[2mquantity)`[0m[2m that atom[0m[2mically checks[0m[2m and decre[0m[2mments,[0m[2m and releases[0m[2m.[0m[2m But `[0m[2mdecrement[0m[2m` already[0m[2m does that[0m[2m.
     
     Actually[0m[2m, let[0m[2m me reconsider[0m[2m the[0m[2m approach[0m[2m. The[0m[2m simplest[0m[2m fix for[0m[2m `checkout[0m[2m.py`[0m[2m that[0m[2m addresses[0m[2m all three[0m[2m requirements[0m[2m is[0m[2m:
     
     ```[0m[2mpython[0m[2m
     async def[0m[2m checkout(...[0m[2m):[0m[2m
         # Try[0m[2m to decrement[0m[2m inventory first[0m[2m
         decremented[0m[2m = await[0m[2m inventory.de[0m[2mcrement([0m[2mquantity)[0m[2m
         if[0m[2m not decre[0m[2mmented:[0m[2m
             print[0m[2m(f"[0m[2mOrder {[0m[2morder_id[0m[2m}: out[0m[2m of stock[0m[2m")[0m[2m
             return False[0m[2m
     
         charged[0m[2m = await[0m[2m gateway.ch[0m[2marge(order[0m[2m_id,[0m[2m quantity *[0m[2m price)[0m[2m
         if[0m[2m not charged[0m[2m:[0m[2m
             await[0m[2m inventory.increment[0m[2m(quantity[0m[2m)[0m[2m
             print(f[0m[2m"Order[0m[2m {order[0m[2m_id}:[0m[2m payment failed[0m[2m")[0m[2m
             return False[0m[2m
     
         print(f[0m[2m"Order[0m[2m {order[0m[2m_id}:[0m[2m SUCCESS")[0m[2m
         return[0m[2m True[0m[2m
     ```
     
     This[0m[2m ensures[0m[2m:
     1[0m[2m. Inventory[0m[2m never goes[0m[2m below zero[0m[2m because we[0m[2m decrement first[0m[2m,[0m[2m and if[0m[2m there's[0m[2m no stock[0m[2m, we[0m[2m fail[0m[2m early[0m[2m.
     2[0m[2m. No[0m[2m ghost charges[0m[2m because if[0m[2m charge fails[0m[2m, we[0m[2m increment[0m[2m inventory back[0m[2m. If[0m[2m decrement[0m[2m fails[0m[2m, we[0m[2m never charge[0m[2m.
     3[0m[2m. For[0m[2m duplicate charges[0m[2m, we[0m[2m need[0m[2m to add[0m[2m prevention[0m[2m in[0m[2m `Payment[0m[2mGateway`.[0m[2m
     
     Wait[0m[2m, but[0m[2m there's still[0m[2m the[0m[2m issue that[0m[2m `[0m[2mdecrement[0m[2m` in[0m[2m `inventory[0m[2m.py`[0m[2m isn't protected[0m[2m by[0m[2m a lock[0m[2m. Even[0m[2m though it's[0m[2m atomic in[0m[2m asyncio,[0m[2m to[0m[2m be[0m[2m fully[0m[2m robust[0m[2m and satisfy[0m[2m the requirement[0m[2m, I[0m[2m should add[0m[2m a[0m[2m lock.[0m[2m
     
     And[0m[2m for requirement[0m[2m 3[0m[2m: "[0m[2mNo order[0m[2m is charged[0m[2m more than[0m[2m once"[0m[2m - this[0m[2m means[0m[2m if[0m[2m `[0m[2mgateway[0m[2m.ch[0m[2marge`[0m[2m is called[0m[2m with the[0m[2m same `[0m[2morder_id[0m[2m` multiple[0m[2m times,[0m[2m it should[0m[2m only charge[0m[2m once.[0m[2m
     
     Let[0m[2m me look[0m[2m at whether[0m[2m there's[0m[2m any retry[0m[2m logic[0m[2m in `[0m[2mcheckout[0m[2m.py[0m[2m` or[0m[2m `main[0m[2m.py`.[0m[2m There[0m[2m isn't[0m[2m. But[0m[2m maybe[0m[2m the requirement[0m[2m is about[0m[2m the system[0m[2m being safe[0m[2m against[0m[2m retries in[0m[2m general[0m[2m.
     
     Actually[0m[2m, I[0m[2m just realized[0m[2m something[0m[2m. If[0m[2m two[0m[2m different[0m[2m orders[0m[2m have[0m[2m the same[0m[2m `[0m[2morder_id[0m[2m`, they[0m[2m shouldn't[0m[2m be charged[0m[2m twice.[0m[2m So[0m[2m `Payment[0m[2mGateway`[0m[2m should track[0m[2m which[0m[2m order_ids[0m[2m have been[0m[2m charged.[0m[2m
     
     Let me[0m[2m also check[0m[2m: is[0m[2m there a[0m[2m case[0m[2m where `[0m[2mcheckout`[0m[2m could be[0m[2m called concurrently[0m[2m with the[0m[2m same `[0m[2morder_id[0m[2m`?[0m[2m Not[0m[2m in `[0m[2mmain.py[0m[2m`.[0m[2m But to[0m[2m be robust[0m[2m, I'll[0m[2m add the[0m[2m check[0m[2m.
     
     Now[0m[2m for[0m[2m the `[0m[2mInventory`[0m[2m lock -[0m[2m if[0m[2m I add[0m[2m `[0m[2masyncio[0m[2m.Lock`,[0m[2m does[0m[2m it[0m[2m change the[0m[2m public interface[0m[2m? No[0m[2m, the[0m[2m method[0m[2m signatures stay[0m[2m the same[0m[2m. The[0m[2m internal implementation[0m[2m changes.[0m[2m
     
     But[0m[2m wait[0m[2m,[0m[2m I[0m[2m just[0m[2m realized[0m[2m: `[0m[2masync[0m[2mio.Lock[0m[2m` is[0m[2m for[0m[2m asyncio[0m[2m.[0m[2m If this[0m[2m code were[0m[2m used with[0m[2m threads,[0m[2m `async[0m[2mio.Lock[0m[2m` wouldn't[0m[2m help.[0m[2m However[0m[2m, since[0m[2m `[0m[2mcheckout[0m[2m` is[0m[2m async and[0m[2m uses[0m[2m `await[0m[2m`, it's[0m[2m designed[0m[2m for asyncio[0m[2m.[0m[2m
     
     Let[0m[2m me think[0m[2m about whether[0m[2m we[0m[2m actually[0m[2m need locks[0m[2m in `[0m[2mInventory`[0m[2m given[0m[2m that[0m[2m asyncio is[0m[2m cooperative.[0m[2m As[0m[2m I[0m[2m analyzed[0m[2m, `[0m[2mdecrement[0m[2m` is[0m[2m already[0m[2m effectively[0m[2m atomic in[0m[2m asyncio because[0m[2m there's no[0m[2m `await[0m[2m` between[0m[2m the check[0m[2m and the[0m[2m modify[0m[2m. So[0m[2m do[0m[2m I[0m[2m need[0m[2m the[0m[2m lock?[0m[2m
     
     The[0m[2m answer[0m[2m is:[0m[2m in[0m[2m the current[0m[2m `checkout[0m[2m.py`,[0m[2m because[0m[2m `check[0m[2m_stock`[0m[2m is[0m[2m separate from[0m[2m `de[0m[2mcrement`,[0m[2m all[0m[2m orders[0m[2m could[0m[2m pass `[0m[2mcheck_stock[0m[2m` before[0m[2m any `[0m[2mdecrement[0m[2m` happens[0m[2m. But[0m[2m since[0m[2m `de[0m[2mcrement`[0m[2m itself is[0m[2m atomic,[0m[2m only[0m[2m the first[0m[2m N[0m[2m tasks[0m[2m ([0m[2mwhere N[0m[2m = initial[0m[2m_stock[0m[2m / quantity[0m[2m) would[0m[2m succeed at[0m[2m `de[0m[2mcrement`.[0m[2m So[0m[2m stock wouldn't[0m[2m go negative[0m[2m.
     
     However[0m[2m, the[0m[2m problem says[0m[2m "Inventory[0m[2m goes negative[0m[2m." Either[0m[2m:
     1[0m[2m. The[0m[2m problem[0m[2m is describing[0m[2m a general[0m[2m issue that[0m[2m also[0m[2m applies[0m[2m to threaded[0m[2m usage[0m[2m
     2[0m[2m. There's[0m[2m something[0m[2m I'm missing[0m[2m about asyncio[0m[2m
     3[0m[2m. The[0m[2m negative[0m[2m inventory happens[0m[2m in[0m[2m a specific[0m[2m edge[0m[2m case[0m[2m
     
     Let[0m[2m me try[0m[2m one more[0m[2m thing:[0m[2m what if[0m[2m `de[0m[2mcrement`[0m[2m is called[0m[2m with `[0m[2mquantity`[0m[2m values[0m[2m that[0m[2m don't[0m[2m divide[0m[2m evenly into[0m[2m stock?[0m[2m Or[0m[2m what[0m[2m if we[0m[2m have a[0m[2m mix[0m[2m of `[0m[2mincrement`[0m[2m and `[0m[2mdecrement[0m[2m`?[0m[2m
     
     Actually,[0m[2m wait[0m[2m. Let[0m[2m me look[0m[2m at `[0m[2mincrement[0m[2m`:[0m[2m
     ```python[0m[2m
     async[0m[2m def increment[0m[2m(self,[0m[2m quantity:[0m[2m int)[0m[2m -> None[0m[2m:[0m[2m
         await asyncio[0m[2m.sleep([0m[2m0.[0m[2m01)[0m[2m
         self[0m[2m._stock[0m[2m += quantity[0m[2m
     ```[0m[2m
     
     If[0m[2m I[0m[2m modify[0m[2m `checkout[0m[2m.py[0m[2m` to[0m[2m call[0m[2m `increment[0m[2m` after[0m[2m a failed[0m[2m charge,[0m[2m and multiple[0m[2m tasks[0m[2m are[0m[2m doing this[0m[2m concurrently[0m[2m... `[0m[2mincrement`[0m[2m also[0m[2m has no[0m[2m lock[0m[2m, but[0m[2m `self[0m[2m._stock[0m[2m += quantity[0m[2m` is[0m[2m also atomic[0m[2m in asyncio[0m[2m (no[0m[2m await[0m[2m between read[0m[2m and write[0m[2m).
     
     So[0m[2m I[0m[2m think the[0m[2m negative[0m[2m inventory issue[0m[2m is primarily[0m[2m about the[0m[2m separation[0m[2m between `[0m[2mcheck_stock[0m[2m` and[0m[2m `de[0m[2mcrement`,[0m[2m allowing[0m[2m more[0m[2m tasks to[0m[2m pass the[0m[2m check than[0m[2m there[0m[2m is[0m[2m stock.[0m[2m But in[0m[2m the specific[0m[2m asyncio[0m[2m implementation,[0m[2m `de[0m[2mcrement`[0m[2m prevents actual[0m[2m negative values[0m[2m because[0m[2m it's[0m[2m atomic.[0m[2m
     
     Wait[0m[2m, let[0m[2m me look[0m[2m at `[0m[2mde[0m[2mcrement`[0m[2m again[0m[2m:[0m[2m
     ```python[0m[2m
     async[0m[2m def decrement[0m[2m(self,[0m[2m quantity:[0m[2m int)[0m[2m -> bool[0m[2m:[0m[2m
         await asyncio[0m[2m.sleep([0m[2m0.[0m[2m02)[0m[2m
         if[0m[2m self._[0m[2mstock >=[0m[2m quantity:[0m[2m
             self[0m[2m._stock[0m[2m -= quantity[0m[2m
             return True[0m[2m
         return False[0m[2m
     ```[0m[2m
     
     What[0m[2m if stock[0m[2m is[0m[2m 1[0m[2m,[0m[2m and task[0m[2m A wants[0m[2m quantity[0m[2m=2[0m[2m, task[0m[2m B wants[0m[2m quantity=[0m[2m2[0m[2m?[0m[2m
     - Task[0m[2m A:[0m[2m sleep[0m[2m,[0m[2m check[0m[2m ([0m[2m1 >=[0m[2m 2[0m[2m?[0m[2m False),[0m[2m return False[0m[2m
     -[0m[2m Task B[0m[2m: sleep[0m[2m, check[0m[2m (1[0m[2m >=[0m[2m 2?[0m[2m False),[0m[2m return False[0m[2m
     
     That's[0m[2m fine.[0m[2m
     
     What if[0m[2m stock is[0m[2m 3[0m[2m, task[0m[2m A wants[0m[2m 2,[0m[2m task B[0m[2m wants[0m[2m 2?[0m[2m
     - Task[0m[2m A:[0m[2m sleep,[0m[2m check ([0m[2m3 >=[0m[2m 2[0m[2m? True[0m[2m), decrement[0m[2m to[0m[2m 1,[0m[2m return True[0m[2m
     -[0m[2m Task B[0m[2m: sleep[0m[2m, check[0m[2m (1[0m[2m >=[0m[2m 2?[0m[2m False),[0m[2m return False[0m[2m
     
     Fine[0m[2m.
     
     What[0m[2m if stock[0m[2m is[0m[2m 2,[0m[2m task A[0m[2m wants[0m[2m 1,[0m[2m task B[0m[2m wants[0m[2m 1,[0m[2m task C[0m[2m wants[0m[2m 1,[0m[2m task D[0m[2m wants[0m[2m 1?[0m[2m
     - Task[0m[2m A:[0m[2m sleep,[0m[2m check ([0m[2m2 >=[0m[2m 1[0m[2m? True[0m[2m), decrement[0m[2m to[0m[2m 1,[0m[2m return True[0m[2m
     -[0m[2m Task B[0m[2m: sleep[0m[2m, check[0m[2m (1[0m[2m >=[0m[2m 1?[0m[2m True),[0m[2m decrement to[0m[2m 0[0m[2m, return[0m[2m True[0m[2m
     - Task[0m[2m C:[0m[2m sleep,[0m[2m check ([0m[2m0 >=[0m[2m 1[0m[2m? False[0m[2m), return[0m[2m False[0m[2m
     - Task[0m[2m D:[0m[2m sleep,[0m[2m check ([0m[2m0 >=[0m[2m 1[0m[2m? False[0m[2m), return[0m[2m False[0m[2m
     
     Fine[0m[2m.
     
     I[0m[2m really[0m[2m think[0m[2m `[0m[2mdecrement[0m[2m` is[0m[2m safe[0m[2m in asyncio[0m[2m. But[0m[2m the problem[0m[2m specifically[0m[2m mentions[0m[2m negative[0m[2m inventory.[0m[2m Let me[0m[2m just[0m[2m add[0m[2m the[0m[2m lock to[0m[2m be[0m[2m safe and[0m[2m also[0m[2m because[0m[2m it[0m[2m makes the[0m[2m code more[0m[2m robust.[0m[2m A[0m[2m future[0m[2m maint[0m[2mainer might[0m[2m add[0m[2m an[0m[2m `await[0m[2m` inside[0m[2m `de[0m[2mcrement`,[0m[2m and the[0m[2m lock would[0m[2m protect against[0m[2m that.[0m[2m
     
     Actually,[0m[2m I[0m[2m just realized[0m[2m:[0m[2m maybe the[0m[2m negative inventory[0m[2m issue[0m[2m is[0m[2m more[0m[2m subtle.[0m[2m What if[0m[2m `check[0m[2m_stock`[0m[2m is called[0m[2m,[0m[2m returns[0m[2m True,[0m[2m then between[0m[2m `check[0m[2m_stock`[0m[2m and `[0m[2mdecrement[0m[2m`, another[0m[2m task calls[0m[2m `increment[0m[2m`?[0m[2m If[0m[2m we're[0m[2m in[0m[2m a system[0m[2m where[0m[2m inventory can[0m[2m be incremented[0m[2m (e[0m[2m.g.,[0m[2m from[0m[2m supplier[0m[2m restocking[0m[2m), then[0m[2m `check[0m[2m_stock`[0m[2m could be[0m[2m stale.[0m[2m But in[0m[2m this simple[0m[2m simulation[0m[2m, there's[0m[2m no concurrent[0m[2m incrementing[0m[2m.[0m[2m
     
     Hmm.[0m[2m Let me[0m[2m re[0m[2m-read the[0m[2m problem statement[0m[2m one more[0m[2m time.[0m[2m "O[0m[2mverselling[0m[2m: Items[0m[2m are sometimes[0m[2m sold even[0m[2m when out[0m[2m of stock[0m[2m. Inventory[0m[2m goes negative[0m[2m."
     
     OK[0m[2m, I'll[0m[2m just trust[0m[2m the problem[0m[2m statement and[0m[2m implement[0m[2m the fix[0m[2m with[0m[2m locks[0m[2m. The[0m[2m lock[0m[2m ensures[0m[2m that even[0m[2m if[0m[2m someone adds[0m[2m an[0m[2m `await[0m[2m` inside[0m[2m `de[0m[2mcrement`[0m[2m later,[0m[2m or[0m[2m uses[0m[2m threads,[0m[2m the code[0m[2m remains[0m[2m correct[0m[2m.
     
     Now[0m[2m for the[0m[2m actual[0m[2m fix:[0m[2m
     
     **checkout[0m[2m.py**[0m[2m:
     -[0m[2m Remove[0m[2m `check[0m[2m_stock`[0m[2m call ([0m[2mit's r[0m[2macy)[0m[2m
     - Call[0m[2m `inventory[0m[2m.decrement[0m[2m(quantity[0m[2m)` first[0m[2m
     -[0m[2m If decrement[0m[2m succeeds[0m[2m, call[0m[2m `gateway[0m[2m.charge[0m[2m`[0m[2m
     - If[0m[2m charge fails[0m[2m, call[0m[2m `inventory[0m[2m.increment([0m[2mquantity)`[0m[2m to release[0m[2m the[0m[2m reserved[0m[2m item[0m[2m
     - If[0m[2m charge succeeds[0m[2m, return[0m[2m True[0m[2m
     
     **inventory[0m[2m.py**[0m[2m:
     -[0m[2m Add `[0m[2masyncio[0m[2m.Lock`[0m[2m
     - Protect[0m[2m `de[0m[2mcrement`,[0m[2m `increment[0m[2m`, and[0m[2m optionally[0m[2m `check[0m[2m_stock`[0m[2m with the[0m[2m lock[0m[2m
     
     **[0m[2mpayments.py[0m[2m**:[0m[2m
     - Add[0m[2m `async[0m[2mio.Lock[0m[2m`
     -[0m[2m Track charged[0m[2m order IDs[0m[2m in[0m[2m a set[0m[2m
     -[0m[2m In[0m[2m `charge[0m[2m`, if[0m[2m order[0m[2m_id already[0m[2m charged[0m[2m, return[0m[2m False ([0m[2mdon't[0m[2m charge again[0m[2m)
     -[0m[2m Protect the[0m[2m charge[0m[2m logic[0m[2m with the[0m[2m lock[0m[2m
     
     Wait,[0m[2m should `[0m[2mcharge`[0m[2m return False[0m[2m or[0m[2m True for[0m[2m a[0m[2m duplicate?[0m[2m If it[0m[2m returns False[0m[2m, `[0m[2mcheckout`[0m[2m would[0m[2m increment[0m[2m inventory back[0m[2m, which[0m[2m is wrong[0m[2m if the[0m[2m customer[0m[2m was already[0m[2m charged.[0m[2m If[0m[2m it returns[0m[2m True,[0m[2m `checkout[0m[2m` would[0m[2m proceed,[0m[2m but we've[0m[2m already decre[0m[2mmented inventory[0m[2m ([0m[2min the[0m[2m new flow[0m[2m)[0m[2m for a[0m[2m previous[0m[2m checkout[0m[2m attempt[0m[2m.
     
     I[0m[2m think the[0m[2m safest[0m[2m behavior for[0m[2m duplicate[0m[2m order[0m[2m_ids[0m[2m is:[0m[2m return `[0m[2mFalse`[0m[2m if[0m[2m already[0m[2m charged,[0m[2m and[0m[2m `checkout[0m[2m` should[0m[2m interpret[0m[2m this[0m[2m as "[0m[2mpayment[0m[2m did[0m[2m not succeed[0m[2m for this[0m[2m attempt."[0m[2m But if[0m[2m the previous[0m[2m checkout[0m[2m with[0m[2m this[0m[2m order_id[0m[2m actually succeeded[0m[2m and[0m[2m delivered[0m[2m the item[0m[2m, then[0m[2m a duplicate[0m[2m checkout[0m[2m attempt[0m[2m would:[0m[2m
     1.[0m[2m Decrement[0m[2m inventory ([0m[2mmaybe[0m[2m fail if[0m[2m no stock[0m[2m)
     2[0m[2m. Charge[0m[2m returns False[0m[2m
     3.[0m[2m Increment inventory[0m[2m back[0m[2m
     
     This seems[0m[2m reasonable[0m[2m for a[0m[2m retry scenario[0m[2m.[0m[2m
     
     Actually,[0m[2m another approach[0m[2m: in[0m[2m `Payment[0m[2mGateway.ch[0m[2marge`,[0m[2m if already[0m[2m charged,[0m[2m return True[0m[2m but[0m[2m don't add[0m[2m a[0m[2m new charge[0m[2m. This[0m[2m is[0m[2m idempotent[0m[2m.[0m[2m But then[0m[2m `checkout[0m[2m` would[0m[2m think "[0m[2mpayment[0m[2m succeeded"[0m[2m and proceed[0m[2m without[0m[2m increment[0m[2ming back[0m[2m.[0m[2m
     
     Let[0m[2m me think[0m[2m about what[0m[2m makes[0m[2m more[0m[2m sense from[0m[2m a business[0m[2m perspective.[0m[2m If a[0m[2m customer[0m[2m clicks[0m[2m "[0m[2mcheckout[0m[2m" twice[0m[2m due[0m[2m to a[0m[2m UI[0m[2m glitch,[0m[2m and the[0m[2m first charge[0m[2m succeeds[0m[2m, the[0m[2m second charge[0m[2m attempt[0m[2m should ideally[0m[2m not[0m[2m charge[0m[2m again AND[0m[2m the[0m[2m system[0m[2m should recognize[0m[2m the[0m[2m order is[0m[2m already placed[0m[2m. But[0m[2m in[0m[2m our[0m[2m simple system[0m[2m, `[0m[2mcheckout`[0m[2m doesn't[0m[2m track[0m[2m order state[0m[2m.[0m[2m
     
     For[0m[2m the purpose[0m[2m of this[0m[2m exercise[0m[2m, I'll[0m[2m make[0m[2m `charge[0m[2m` return[0m[2m False[0m[2m for duplicate[0m[2m order_ids[0m[2m. This[0m[2m prevents duplicate[0m[2m charges.[0m[2m And the[0m[2m `[0m[2mcheckout[0m[2m` flow[0m[2m with[0m[2m decrement-first[0m[2m ensures[0m[2m that we[0m[2m don't have[0m[2m ghost charges[0m[2m.
     
     Actually[0m[2m, let[0m[2m me reconsider[0m[2m requirement[0m[2m 3[0m[2m: "[0m[2mNo order[0m[2m is charged[0m[2m more than[0m[2m once."[0m[2m This means[0m[2m we[0m[2m need[0m[2m to ensure[0m[2m that calling[0m[2m `charge[0m[2m` with[0m[2m the same[0m[2m `[0m[2morder_id[0m[2m` doesn't[0m[2m add to[0m[2m `[0m[2mtotal_ch[0m[2marged`[0m[2m again[0m[2m. In[0m[2m `main[0m[2m.py`:[0m[2m
     ```python[0m[2m
     charge[0m[2m_ids =[0m[2m [c[0m[2m["order[0m[2m_id"][0m[2m for c[0m[2m in gateway[0m[2m.charges[0m[2m]
     du[0m[2mplicates =[0m[2m len(ch[0m[2marge_ids[0m[2m) -[0m[2m len(set[0m[2m(charge[0m[2m_ids))[0m[2m
     ```
     
     So[0m[2m returning[0m[2m False[0m[2m for duplicates[0m[2m is[0m[2m correct[0m[2m because we[0m[2m won't append[0m[2m another[0m[2m charge.[0m[2m
     
     Wait[0m[2m, but[0m[2m what if[0m[2m the[0m[2m original[0m[2m charge[0m[2m was already[0m[2m in[0m[2m `charges[0m[2m`?[0m[2m If[0m[2m `[0m[2mcharge`[0m[2m is called[0m[2m again for[0m[2m an[0m[2m already[0m[2m-charged[0m[2m order,[0m[2m returning[0m[2m False means[0m[2m no[0m[2m new[0m[2m charge is[0m[2m added.[0m[2m That's correct[0m[2m for[0m[2m "no[0m[2m order[0m[2m is charged[0m[2m more than[0m[2m once."[0m[2m
     
     But what[0m[2m about[0m[2m `[0m[2mcheckout`[0m[2m interpreting[0m[2m it[0m[2m?[0m[2m In[0m[2m the[0m[2m current[0m[2m flow:[0m[2m
     -[0m[2m `de[0m[2mcrement`[0m[2m succeeds[0m[2m
     - `[0m[2mcharge`[0m[2m returns False[0m[2m (because[0m[2m duplicate[0m[2m)
     -[0m[2m `checkout[0m[2m` increments[0m[2m inventory back[0m[2m
     -[0m[2m `[0m[2mcheckout`[0m[2m returns False[0m[2m
     
     This[0m[2m means for[0m[2m a duplicate[0m[2m order_id[0m[2m, the[0m[2m customer was[0m[2m charged[0m[2m on[0m[2m the first[0m[2m attempt,[0m[2m but the[0m[2m second attempt[0m[2m would release[0m[2m inventory.[0m[2m That's actually[0m[2m a[0m[2m bit[0m[2m weird,[0m[2m but it's[0m[2m an[0m[2m edge case[0m[2m that doesn't[0m[2m happen in[0m[2m the current[0m[2m `[0m[2mmain.py[0m[2m`.
     
     I[0m[2m think the[0m[2m cleanest[0m[2m solution[0m[2m is to[0m[2m make `[0m[2mcharge[0m[2m` id[0m[2mempotent for[0m[2m duplicates[0m[2m: return[0m[2m True if[0m[2m already charged[0m[2m, don't[0m[2m charge again[0m[2m. Then[0m[2m `checkout[0m[2m` would[0m[2m proceed without[0m[2m increment[0m[2ming back[0m[2m.[0m[2m But then[0m[2m if[0m[2m `[0m[2mcheckout`[0m[2m is called[0m[2m twice with[0m[2m the same[0m[2m order_id[0m[2m after[0m[2m a[0m[2m successful first[0m[2m run,[0m[2m the second[0m[2m run[0m[2m would decrement[0m[2m inventory again[0m[2m (because[0m[2m we[0m[2m don't[0m[2m track[0m[2m that[0m[2m it[0m[2m was already[0m[2m fulfilled[0m[2m).[0m[2m
     
     Actually[0m[2m, the[0m[2m real fix[0m[2m for "[0m[2mNo[0m[2m order is[0m[2m charged more[0m[2m than once[0m[2m" at[0m[2m the `[0m[2mcheckout`[0m[2m level is[0m[2m to make[0m[2m `checkout[0m[2m` itself[0m[2m idempotent[0m[2m.[0m[2m But the[0m[2m problem[0m[2m says "[0m[2mDo[0m[2m not change[0m[2m the public[0m[2m interfaces...[0m[2m You may[0m[2m add methods[0m[2m to them[0m[2m." So[0m[2m we could[0m[2m add a[0m[2m method[0m[2m to `[0m[2mPaymentGateway[0m[2m` to[0m[2m check if[0m[2m an order[0m[2m was charged[0m[2m.[0m[2m
     
     For[0m[2m the scope[0m[2m of this[0m[2m exercise,[0m[2m I think[0m[2m adding[0m[2m duplicate[0m[2m prevention to[0m[2m `Payment[0m[2mGateway.ch[0m[2marge`[0m[2m (return[0m[2ming[0m[2m False for[0m[2m duplicates)[0m[2m is sufficient[0m[2m. The[0m[2m main issues[0m[2m are[0m[2m the ghost[0m[2m charges and[0m[2m overselling[0m[2m.[0m[2m
     
     Let me[0m[2m also think[0m[2m about whether[0m[2m I[0m[2m should add[0m[2m a `[0m[2mref[0m[2mund[0m[2m` method[0m[2m to[0m[2m `Payment[0m[2mGateway`[0m[2m to handle[0m[2m the ghost[0m[2m charge case[0m[2m in the[0m[2m current code[0m[2m. But[0m[2m we're[0m[2m reorder[0m[2ming the[0m[2m operations[0m[2m so[0m[2m that decrement[0m[2m happens first[0m[2m, so[0m[2m we don't[0m[2m need refunds[0m[2m for[0m[2m the normal[0m[2m flow.[0m[2m However,[0m[2m what[0m[2m if `[0m[2mdecrement[0m[2m` succeeds[0m[2m,[0m[2m `charge[0m[2m` succeeds[0m[2m, but[0m[2m then we[0m[2m want[0m[2m to undo[0m[2m?[0m[2m We[0m[2m don't need[0m[2m that in[0m[2m the current[0m[2m flow.[0m[2m
     
     Wait[0m[2m, actually[0m[2m I should[0m[2m also[0m[2m handle[0m[2m the case[0m[2m where[0m[2m `de[0m[2mcrement`[0m[2m fails[0m[2m after[0m[2m `charge[0m[2m` succeeds[0m[2m in some[0m[2m other[0m[2m scenario.[0m[2m But in[0m[2m our new[0m[2m flow,[0m[2m `de[0m[2mcrement`[0m[2m happens before[0m[2m `charge[0m[2m`, so[0m[2m that[0m[2m can't[0m[2m happen.[0m[2m
     
     OK,[0m[2m let me[0m[2m also think[0m[2m about whether[0m[2m we[0m[2m should keep[0m[2m `check[0m[2m_stock`[0m[2m in `[0m[2mcheckout.py[0m[2m`. If[0m[2m we keep[0m[2m it[0m[2m:[0m[2m
     -[0m[2m It's[0m[2m a separate[0m[2m network[0m[2m call that[0m[2m adds latency[0m[2m
     -[0m[2m It's r[0m[2macy -[0m[2m stock[0m[2m could[0m[2m change between[0m[2m check_stock[0m[2m and decrement[0m[2m
     -[0m[2m We[0m[2m can[0m[2m just rely[0m[2m on `[0m[2mdecrement[0m[2m` to[0m[2m tell[0m[2m us if[0m[2m stock[0m[2m was[0m[2m available[0m[2m
     
     So I[0m[2m should remove[0m[2m `check[0m[2m_stock`[0m[2m from `[0m[2mcheckout.py[0m[2m`[0m[2m and just[0m[2m use `[0m[2mdecrement[0m[2m`.
     
     One[0m[2m more thing[0m[2m: should[0m[2m `[0m[2mcheck_stock[0m[2m` also[0m[2m be protected[0m[2m by[0m[2m the lock[0m[2m in `[0m[2mInventory`[0m[2m? If[0m[2m `[0m[2mcheck_stock[0m[2m` is[0m[2m used[0m[2m in[0m[2m `checkout[0m[2m.py`,[0m[2m and[0m[2m we want[0m[2m it[0m[2m to be[0m[2m accurate,[0m[2m it[0m[2m should probably[0m[2m be[0m[2m protected[0m[2m.[0m[2m But if[0m[2m we're[0m[2m not[0m[2m using `[0m[2mcheck_stock[0m[2m` in[0m[2m `checkout[0m[2m.py`,[0m[2m it doesn't[0m[2m matter as[0m[2m much.[0m[2m However,[0m[2m to be[0m[2m consistent,[0m[2m I'll protect[0m[2m it too[0m[2m.
     
     Actually[0m[2m, protecting[0m[2m `check[0m[2m_stock`[0m[2m with a[0m[2m lock would[0m[2m mean[0m[2m that while[0m[2m `de[0m[2mcrement`[0m[2m is happening[0m[2m,[0m[2m `check[0m[2m_stock`[0m[2m waits[0m[2m. That[0m[2m could[0m[2m reduce[0m[2m concurrency[0m[2m. But[0m[2m it's[0m[2m safer[0m[2m.[0m[2m
     
     Let me[0m[2m write[0m[2m the code[0m[2m:
     
     **[0m[2minventory.py[0m[2m**:[0m[2m
     ```python[0m[2m
     import[0m[2m asyncio[0m[2m
     
     
     class Inventory[0m[2m:[0m[2m
         def __[0m[2minit__([0m[2mself,[0m[2m stock:[0m[2m int):[0m[2m
             self[0m[2m._stock[0m[2m = stock[0m[2m
             self._[0m[2mlock =[0m[2m asyncio.Lock[0m[2m()[0m[2m
     
         async def[0m[2m check_stock[0m[2m(self,[0m[2m quantity:[0m[2m int)[0m[2m -> bool[0m[2m:[0m[2m
             await asyncio[0m[2m.sleep([0m[2m0.[0m[2m02)[0m[2m
             return[0m[2m self._[0m[2mstock >=[0m[2m quantity[0m[2m
     
         async[0m[2m def decrement[0m[2m(self,[0m[2m quantity:[0m[2m int)[0m[2m -> bool[0m[2m:[0m[2m
             async with[0m[2m self._[0m[2mlock:[0m[2m
                 await[0m[2m asyncio.sleep[0m[2m(0[0m[2m.02[0m[2m)[0m[2m
                 if self[0m[2m._stock[0m[2m >= quantity[0m[2m:[0m[2m
                     self._[0m[2mstock -=[0m[2m quantity[0m[2m
                     return[0m[2m True[0m[2m
                 return[0m[2m False[0m[2m
     
         async[0m[2m def increment[0m[2m(self,[0m[2m quantity:[0m[2m int)[0m[2m -> None[0m[2m:[0m[2m
             async with[0m[2m self._[0m[2mlock:[0m[2m
                 await[0m[2m asyncio.sleep[0m[2m(0[0m[2m.01[0m[2m)[0m[2m
                 self._[0m[2mstock +=[0m[2m quantity[0m[2m
     
         @[0m[2mproperty[0m[2m
         def[0m[2m stock(self[0m[2m) ->[0m[2m int:[0m[2m
             return[0m[2m self._[0m[2mstock[0m[2m
     ```
     
     Wait[0m[2m, by[0m[2m putting `[0m[2mawait[0m[2m asyncio.sleep[0m[2m(0[0m[2m.02[0m[2m)` inside[0m[2m the `[0m[2masync with[0m[2m self._[0m[2mlock`,[0m[2m we[0m[2m hold the[0m[2m lock during[0m[2m the sleep[0m[2m.[0m[2m That[0m[2m means while[0m[2m one[0m[2m task is[0m[2m "sleep[0m[2ming"[0m[2m inside[0m[2m the lock[0m[2m, no[0m[2m other task[0m[2m can acquire[0m[2m the[0m[2m lock.[0m[2m This serial[0m[2mizes all[0m[2m `[0m[2mdecrement[0m[2m` operations[0m[2m, which[0m[2m is correct[0m[2m but might[0m[2m hurt[0m[2m performance.[0m[2m But[0m[2m for correctness[0m[2m, it's[0m[2m necessary[0m[2m because[0m[2m the sleep[0m[2m sim[0m[2mulates network[0m[2m latency,[0m[2m and during[0m[2m that[0m[2m time[0m[2m, other[0m[2m tasks shouldn't[0m[2m be[0m[2m able to[0m[2m modify stock[0m[2m.
     
     Actually[0m[2m, wait[0m[2m. If[0m[2m we acquire[0m[2m the lock[0m[2m before[0m[2m the[0m[2m sleep,[0m[2m then during[0m[2m the sleep[0m[2m, the[0m[2m lock is[0m[2m held and[0m[2m no other[0m[2m task can[0m[2m enter[0m[2m `[0m[2mdecrement[0m[2m`[0m[2m or `[0m[2mincrement`.[0m[2m This ensures[0m[2m atomic[0m[2mity even[0m[2m with the[0m[2m simulated network[0m[2m delay[0m[2m. This[0m[2m is actually[0m[2m the[0m[2m correct behavior[0m[2m.[0m[2m
     
     But what[0m[2m about[0m[2m `check[0m[2m_stock`[0m[2m? If[0m[2m we don't[0m[2m lock it[0m[2m, it[0m[2m can[0m[2m return stale[0m[2m values while[0m[2m `[0m[2mdecrement[0m[2m` is[0m[2m holding the[0m[2m lock.[0m[2m But since[0m[2m we're removing[0m[2m `check[0m[2m_stock`[0m[2m from `[0m[2mcheckout.py[0m[2m`, this[0m[2m doesn't[0m[2m matter for[0m[2m the main[0m[2m flow[0m[2m.[0m[2m
     
     **payments[0m[2m.py**[0m[2m:
     ```[0m[2mpython[0m[2m
     import asyncio[0m[2m
     import[0m[2m random[0m[2m
     from typing[0m[2m import List[0m[2m, Set[0m[2m
     
     
     class Payment[0m[2mGateway:[0m[2m
         def[0m[2m __init[0m[2m__(self[0m[2m, failure[0m[2m_rate:[0m[2m float =[0m[2m 0[0m[2m.25[0m[2m):[0m[2m
             self._[0m[2mfailure_rate[0m[2m = failure[0m[2m_rate[0m[2m
             self[0m[2m.total_ch[0m[2marged:[0m[2m float =[0m[2m 0[0m[2m.0[0m[2m
             self.ch[0m[2marges:[0m[2m List[[0m[2mdict][0m[2m = [][0m[2m
             self[0m[2m._charged[0m[2m_order[0m[2m_ids:[0m[2m Set[str[0m[2m] =[0m[2m set()[0m[2m
             self[0m[2m._lock[0m[2m = asyncio[0m[2m.Lock()[0m[2m
     
         async[0m[2m def charge[0m[2m(self,[0m[2m order_id[0m[2m: str[0m[2m, amount[0m[2m: float[0m[2m) ->[0m[2m bool:[0m[2m
             async[0m[2m with self[0m[2m._lock[0m[2m:[0m[2m
                 await asyncio[0m[2m.sleep([0m[2m0.[0m[2m03)[0m[2m
                 if[0m[2m order_id[0m[2m in self[0m[2m._charged[0m[2m_order[0m[2m_ids:[0m[2m
                     return[0m[2m False[0m[2m
                 if[0m[2m random.random[0m[2m()[0m[2m < self._[0m[2mfailure_rate[0m[2m:[0m[2m
                     return False[0m[2m
                 self.total[0m[2m_charged[0m[2m += amount[0m[2m
                 self.ch[0m[2marges.append[0m[2m({"order[0m[2m_id":[0m[2m order_id[0m[2m, "[0m[2mamount":[0m[2m amount})[0m[2m
                 self[0m[2m._charged[0m[2m_order_ids[0m[2m.add(order[0m[2m_id)[0m[2m
                 return[0m[2m True[0m[2m
     ```
     
     Wait[0m[2m, if[0m[2m we put[0m[2m the[0m[2m sleep inside[0m[2m the lock[0m[2m, we[0m[2m serialize[0m[2m charges[0m[2m. But[0m[2m that's fine[0m[2m for correctness[0m[2m.[0m[2m Actually[0m[2m, we[0m[2m could put[0m[2m the sleep[0m[2m before acquiring[0m[2m the lock[0m[2m to allow[0m[2m more concurrency[0m[2m, but[0m[2m then we'd[0m[2m need[0m[2m to re[0m[2m-check after[0m[2m acquiring[0m[2m the lock[0m[2m.[0m[2m
     
     Hmm[0m[2m, let[0m[2m me think[0m[2m about this[0m[2m.[0m[2m The[0m[2m `[0m[2masync[0m[2mio.sleep[0m[2m(0[0m[2m.03[0m[2m)` sim[0m[2mulates network[0m[2m latency.[0m[2m If we[0m[2m hold the[0m[2m lock during[0m[2m this[0m[2m time[0m[2m, only[0m[2m one charge[0m[2m can be[0m[2m processed[0m[2m at a[0m[2m time.[0m[2m If[0m[2m we release[0m[2m the lock[0m[2m during the[0m[2m sleep,[0m[2m we need[0m[2m to[0m[2m re-ac[0m[2mquire it[0m[2m before modifying[0m[2m state[0m[2m.
     
     A[0m[2m better approach[0m[2m:
     ```[0m[2mpython[0m[2m
     async def[0m[2m charge(self[0m[2m, order[0m[2m_id:[0m[2m str,[0m[2m amount:[0m[2m float)[0m[2m -> bool[0m[2m:[0m[2m
         await asyncio[0m[2m.sleep([0m[2m0.[0m[2m03)[0m[2m
         async[0m[2m with self[0m[2m._lock[0m[2m:[0m[2m
             if order[0m[2m_id in[0m[2m self._[0m[2mcharged_order[0m[2m_ids:[0m[2m
                 return[0m[2m False[0m[2m
             if[0m[2m random.random[0m[2m()[0m[2m < self._[0m[2mfailure_rate[0m[2m:[0m[2m
                 return False[0m[2m
             self.total[0m[2m_charged[0m[2m += amount[0m[2m
             self.ch[0m[2marges.append[0m[2m({"order[0m[2m_id":[0m[2m order_id[0m[2m, "[0m[2mamount":[0m[2m amount})[0m[2m
             self[0m[2m._charged[0m[2m_order_ids[0m[2m.add(order[0m[2m_id)[0m[2m
             return[0m[2m True[0m[2m
     ```
     
     But[0m[2m wait,[0m[2m the random[0m[2m failure[0m[2m is[0m[2m supposed to[0m[2m simulate[0m[2m the payment[0m[2m gateway failing[0m[2m.[0m[2m If we[0m[2m do[0m[2m the sleep[0m[2m first[0m[2m, then[0m[2m acquire[0m[2m the lock[0m[2m, then[0m[2m do[0m[2m the[0m[2m random check[0m[2m...[0m[2m the[0m[2m random check[0m[2m is[0m[2m instantaneous[0m[2m,[0m[2m so it's[0m[2m fine.[0m[2m
     
     But[0m[2m there's[0m[2m a subtle[0m[2m issue:[0m[2m if we[0m[2m do the[0m[2m sleep first[0m[2m, two[0m[2m tasks could[0m[2m both reach[0m[2m the lock[0m[2m acquisition[0m[2m for[0m[2m the same[0m[2m order_id[0m[2m. The[0m[2m first one[0m[2m gets[0m[2m the lock[0m[2m, charges[0m[2m ([0m[2mor fails[0m[2m randomly[0m[2m), and[0m[2m releases[0m[2m. The[0m[2m second one[0m[2m gets the[0m[2m lock,[0m[2m sees[0m[2m the order[0m[2m_id is[0m[2m already charged[0m[2m, and[0m[2m returns False[0m[2m. That's[0m[2m correct.[0m[2m
     
     If[0m[2m we do[0m[2m the random[0m[2m check before[0m[2m the lock[0m[2m, we[0m[2m could have[0m[2m a[0m[2m situation[0m[2m where two[0m[2m tasks both[0m[2m pass[0m[2m the random[0m[2m check,[0m[2m then both[0m[2m try[0m[2m to acquire[0m[2m the lock[0m[2m, and[0m[2m only[0m[2m one succeeds[0m[2m at[0m[2m charging.[0m[2m The[0m[2m other returns[0m[2m False because[0m[2m of[0m[2m the[0m[2m duplicate check[0m[2m. That's[0m[2m also fine[0m[2m.
     
     But[0m[2m actually,[0m[2m the random[0m[2m failure should[0m[2m be checked[0m[2m inside[0m[2m the lock[0m[2m to make[0m[2m the[0m[2m simulation[0m[2m more realistic[0m[2m?[0m[2m No,[0m[2m the random[0m[2m failure is[0m[2m independent per[0m[2m call[0m[2m. If[0m[2m we check[0m[2m outside[0m[2m the lock[0m[2m, it's[0m[2m fine because[0m[2m the failure[0m[2m is probabil[0m[2mistic and[0m[2m independent[0m[2m.
     
     Wait[0m[2m, but[0m[2m what[0m[2m if we[0m[2m want the[0m[2m random failure[0m[2m to simulate[0m[2m a[0m[2m gateway[0m[2m that can[0m[2m only[0m[2m process one[0m[2m request[0m[2m at a[0m[2m time?[0m[2m That's[0m[2m not really[0m[2m necessary[0m[2m.[0m[2m
     
     Let me[0m[2m keep it[0m[2m simple:[0m[2m
     ```python[0m[2m
     async[0m[2m def charge[0m[2m(self,[0m[2m order_id[0m[2m: str[0m[2m, amount[0m[2m: float[0m[2m) ->[0m[2m bool:[0m[2m
         await[0m[2m asyncio.sleep[0m[2m(0[0m[2m.03[0m[2m)[0m[2m
         async with[0m[2m self._[0m[2mlock:[0m[2m
             if[0m[2m order_id[0m[2m in self[0m[2m._charged[0m[2m_order_ids[0m[2m:[0m[2m
                 return False[0m[2m
             if random[0m[2m.random()[0m[2m < self[0m[2m._failure[0m[2m_rate:[0m[2m
                 return[0m[2m False[0m[2m
             self[0m[2m.total_ch[0m[2marged +=[0m[2m amount[0m[2m
             self[0m[2m.charges[0m[2m.append({"[0m[2morder_id[0m[2m": order[0m[2m_id,[0m[2m "amount[0m[2m": amount[0m[2m})[0m[2m
             self._[0m[2mcharged_order[0m[2m_ids.add[0m[2m(order_id[0m[2m)[0m[2m
             return True[0m[2m
     ```[0m[2m
     
     This allows[0m[2m multiple[0m[2m "[0m[2mnetwork[0m[2m requests"[0m[2m to be[0m[2m in flight[0m[2m concurrently[0m[2m, but[0m[2m serial[0m[2mizes the[0m[2m state updates[0m[2m.
     
     Now[0m[2m for `[0m[2mcheckout.py[0m[2m`:[0m[2m
     ```python[0m[2m
     import[0m[2m asyncio[0m[2m
     from inventory[0m[2m import Inventory[0m[2m
     from[0m[2m payments import[0m[2m PaymentGateway[0m[2m
     
     
     async[0m[2m def checkout[0m[2m([0m[2m
         order_id[0m[2m: str[0m[2m,[0m[2m
         quantity:[0m[2m int,[0m[2m
         price[0m[2m: float[0m[2m,[0m[2m
         inventory:[0m[2m Inventory,[0m[2m
         gateway[0m[2m: Payment[0m[2mGateway,[0m[2m
     ) ->[0m[2m bool:[0m[2m
         decre[0m[2mmented =[0m[2m await inventory[0m[2m.decrement[0m[2m(quantity[0m[2m)[0m[2m
         if not[0m[2m decremented[0m[2m:[0m[2m
             print(f[0m[2m"Order[0m[2m {order[0m[2m_id}:[0m[2m out of[0m[2m stock")[0m[2m
             return[0m[2m False[0m[2m
     
         charged[0m[2m = await[0m[2m gateway.ch[0m[2marge(order[0m[2m_id,[0m[2m quantity *[0m[2m price)[0m[2m
         if[0m[2m not charged[0m[2m:[0m[2m
             await inventory[0m[2m.increment([0m[2mquantity)[0m[2m
             print[0m[2m(f"[0m[2mOrder {[0m[2morder_id[0m[2m}: payment[0m[2m failed")[0m[2m
             return[0m[2m False[0m[2m
     
         print[0m[2m(f"[0m[2mOrder {[0m[2morder_id[0m[2m}: SUCCESS[0m[2m")[0m[2m
         return True[0m[2m
     ```[0m[2m
     
     Let[0m[2m me trace[0m[2m through this[0m[2m with `[0m[2mmain.py[0m[2m`:
     -[0m[2m 12[0m[2m tasks,[0m[2m stock[0m[2m=5[0m[2m
     -[0m[2m All[0m[2m 12 try[0m[2m `[0m[2mdecrement[0m[2m(1[0m[2m)`
     -[0m[2m With the[0m[2m lock in[0m[2m `de[0m[2mcrement`,[0m[2m the first[0m[2m 5[0m[2m succeed ([0m[2mstock goes[0m[2m 5[0m[2m→4[0m[2m→3[0m[2m→2[0m[2m→1[0m[2m→0[0m[2m),[0m[2m the remaining[0m[2m 7[0m[2m fail[0m[2m
     - The[0m[2m 5[0m[2m successful tasks[0m[2m proceed[0m[2m to `[0m[2mcharge`[0m[2m
     - Some[0m[2m of[0m[2m these[0m[2m 5 might[0m[2m fail at[0m[2m charge[0m[2m (random[0m[2m)
     -[0m[2m If charge[0m[2m fails,[0m[2m the task[0m[2m calls[0m[2m `increment[0m[2m(1[0m[2m)` to[0m[2m restore stock[0m[2m
     -[0m[2m Stock[0m[2m goes back[0m[2m up[0m[2m
     - The[0m[2m remaining tasks[0m[2m that failed[0m[2m at `[0m[2mdecrement[0m[2m` don't[0m[2m get a[0m[2m chance...[0m[2m wait[0m[2m, they[0m[2m already failed[0m[2m and[0m[2m returned False[0m[2m.[0m[2m
     
     But here's[0m[2m the[0m[2m thing[0m[2m: the[0m[2m 7[0m[2m tasks that[0m[2m failed at[0m[2m `de[0m[2mcrement`[0m[2m returned[0m[2m False[0m[2m immediately.[0m[2m The[0m[2m 5[0m[2m that succeeded[0m[2m then[0m[2m try[0m[2m to charge[0m[2m. If[0m[2m some fail[0m[2m, they[0m[2m restore[0m[2m inventory.[0m[2m But the[0m[2m 7 tasks[0m[2m that already[0m[2m returned[0m[2m False[0m[2m don't[0m[2m retry[0m[2m. So[0m[2m if[0m[2m 2[0m[2m of[0m[2m the[0m[2m 5 successful[0m[2m decre[0m[2mments fail[0m[2m at charge[0m[2m and[0m[2m restore[0m[2m inventory,[0m[2m we[0m[2m end[0m[2m up with[0m[2m stock[0m[2m=2[0m[2m and[0m[2m only[0m[2m 3[0m[2m successful orders[0m[2m. But[0m[2m we[0m[2m could[0m[2m have sold[0m[2m those[0m[2m 2[0m[2m items to[0m[2m 2 of[0m[2m the[0m[2m 7 tasks[0m[2m that failed[0m[2m!
     
     This[0m[2m is a[0m[2m classic[0m[2m problem with[0m[2m "[0m[2mdecrement[0m[2m first":[0m[2m if[0m[2m charge[0m[2m fails,[0m[2m we restore[0m[2m inventory,[0m[2m but the[0m[2m tasks that[0m[2m were[0m[2m told[0m[2m "[0m[2mout of[0m[2m stock"[0m[2m have[0m[2m already[0m[2m given[0m[2m up.[0m[2m In[0m[2m a real[0m[2m system,[0m[2m they[0m[2m might[0m[2m retry or[0m[2m be[0m[2m queued[0m[2m. But[0m[2m in `[0m[2mmain.py[0m[2m`, they[0m[2m don't[0m[2m retry[0m[2m.
     
     So[0m[2m the total[0m[2m number of[0m[2m successful orders[0m[2m might be[0m[2m less than[0m[2m the initial[0m[2m stock if[0m[2m some[0m[2m payments[0m[2m fail after[0m[2m decrement[0m[2ming[0m[2m. Is[0m[2m this[0m[2m correct[0m[2m?[0m[2m
     
     Yes,[0m[2m actually[0m[2m! The[0m[2m requirement[0m[2m says:[0m[2m
     - Inventory[0m[2m never goes[0m[2m below zero[0m[2m ✓[0m[2m
     - Every[0m[2m successful charge[0m[2m corresponds to[0m[2m exactly one[0m[2m item delivered[0m[2m ✓[0m[2m
     -[0m[2m No order[0m[2m is charged[0m[2m more than[0m[2m once ✓[0m[2m
     
     It[0m[2m doesn't say[0m[2m "all[0m[2m initial[0m[2m stock must[0m[2m be sold[0m[2m." It[0m[2m says the[0m[2m three[0m[2m constraints[0m[2m above.[0m[2m So[0m[2m if[0m[2m 5 items[0m[2m are[0m[2m decre[0m[2mmented,[0m[2m 2[0m[2m payments[0m[2m fail ([0m[2minventory[0m[2m restored[0m[2m), and[0m[2m 3 payments[0m[2m succeed,[0m[2m that's[0m[2m 3[0m[2m successful orders[0m[2m and[0m[2m stock=[0m[2m2.[0m[2m That[0m[2m satisfies[0m[2m all constraints[0m[2m.[0m[2m
     
     But wait[0m[2m, in[0m[2m the[0m[2m current `[0m[2mmain.py[0m[2m`[0m[2m output:[0m[2m
     ```[0m[2mpython[0m[2m
     if[0m[2m abs[0m[2m(gateway[0m[2m.total_ch[0m[2marged -[0m[2m successful *[0m[2m ITEM_PRICE[0m[2m) >[0m[2m 0[0m[2m.01[0m[2m:[0m[2m
         print("[0m[2mERROR:[0m[2m Charge amount[0m[2m does not[0m[2m match successful[0m[2m orders!")[0m[2m
     ```
     
     With[0m[2m my[0m[2m fix[0m[2m, `[0m[2msuccessful[0m[2m` is[0m[2m the number[0m[2m of times[0m[2m `checkout[0m[2m` returned[0m[2m True.[0m[2m And[0m[2m `gateway[0m[2m.total_ch[0m[2marged`[0m[2m should match[0m[2m because[0m[2m:[0m[2m
     - Each[0m[2m successful[0m[2m checkout[0m[2m charges[0m[2m exactly[0m[2m once[0m[2m
     - Each[0m[2m failed checkout[0m[2m either[0m[2m:[0m[2m ([0m[2ma[0m[2m) didn't[0m[2m decrement ([0m[2mno[0m[2m charge),[0m[2m or ([0m[2mb)[0m[2m decremented[0m[2m, charge[0m[2m failed,[0m[2m inventory restored[0m[2m (no[0m[2m charge)[0m[2m
     
     So `[0m[2mtotal_ch[0m[2marged`[0m[2m should equal[0m[2m `successful[0m[2m * ITEM[0m[2m_PRICE`.[0m[2m
     
     And[0m[2m `items[0m[2m_sold[0m[2m =[0m[2m INITIAL_ST[0m[2mOCK -[0m[2m inventory.stock[0m[2m` should[0m[2m equal `[0m[2msuccessful`,[0m[2m because:[0m[2m
     - Each[0m[2m successful order[0m[2m decremented[0m[2m once[0m[2m and never[0m[2m restored[0m[2m
     -[0m[2m Each failed[0m[2m order either[0m[2m:[0m[2m never decre[0m[2mmented,[0m[2m or decre[0m[2mmented and[0m[2m restored[0m[2m
     
     Wait[0m[2m, but[0m[2m what about[0m[2m `[0m[2minventory.stock[0m[2m`?[0m[2m Let[0m[2m me trace[0m[2m through[0m[2m:
     -[0m[2m Initial:[0m[2m 5[0m[2m
     -[0m[2m Tasks[0m[2m A[0m[2m, B[0m[2m, C[0m[2m, D[0m[2m, E[0m[2m decrement[0m[2m:[0m[2m stock=[0m[2m0[0m[2m
     - Task[0m[2m A[0m[2m charges[0m[2m:[0m[2m succeeds,[0m[2m stock stays[0m[2m 0[0m[2m
     -[0m[2m Task B[0m[2m charges:[0m[2m fails,[0m[2m increments[0m[2m:[0m[2m stock=[0m[2m1[0m[2m
     - Task[0m[2m C charges[0m[2m: succeeds[0m[2m, stock[0m[2m=[0m[2m1[0m[2m
     - Task[0m[2m D charges[0m[2m: fails[0m[2m, increments[0m[2m: stock[0m[2m=2[0m[2m
     -[0m[2m Task E[0m[2m charges:[0m[2m succeeds,[0m[2m stock=[0m[2m2[0m[2m
     
     Successful[0m[2m orders[0m[2m:[0m[2m A,[0m[2m C,[0m[2m E =[0m[2m 3[0m[2m
     Items[0m[2m sold =[0m[2m 5[0m[2m -[0m[2m 2 =[0m[2m 3[0m[2m ✓[0m[2m
     Total charged[0m[2m =[0m[2m 3 *[0m[2m 100[0m[2m =[0m[2m 300 ✓[0m[2m
     
     And[0m[2m for[0m[2m the[0m[2m 7 tasks[0m[2m that failed[0m[2m at decrement[0m[2m,[0m[2m they didn't[0m[2m modify[0m[2m stock[0m[2m.[0m[2m
     
     So everything[0m[2m checks out[0m[2m!
     
     But[0m[2m wait,[0m[2m in[0m[2m the[0m[2m original code[0m[2m, `[0m[2mitems[0m[2m_sold[0m[2m` was[0m[2m computed[0m[2m as[0m[2m `INITIAL[0m[2m_STOCK[0m[2m - inventory[0m[2m.stock`.[0m[2m In the[0m[2m original buggy[0m[2m code[0m[2m, `[0m[2mitems_s[0m[2mold`[0m[2m would[0m[2m sometimes[0m[2m be[0m[2m 5 ([0m[2mbecause[0m[2m decre[0m[2mments happened[0m[2m for[0m[2m exactly[0m[2m 5[0m[2m tasks),[0m[2m but `[0m[2mtotal_ch[0m[2marged`[0m[2m could[0m[2m be[0m[2m 10 *[0m[2m 100[0m[2m =[0m[2m 1000[0m[2m ([0m[2mbecause[0m[2m 10[0m[2m tasks passed[0m[2m charge).[0m[2m The[0m[2m `main[0m[2m.py`[0m[2m check would[0m[2m fail[0m[2m.
     
     With[0m[2m my fix[0m[2m, `[0m[2mitems_s[0m[2mold`[0m[2m should equal[0m[2m `successful[0m[2m`,[0m[2m and `[0m[2mtotal_ch[0m[2marged`[0m[2m should equal[0m[2m `successful[0m[2m * ITEM[0m[2m_PRICE`.[0m[2m
     
     But[0m[2m is[0m[2m there still[0m[2m a[0m[2m race condition[0m[2m in `[0m[2mmain[0m[2m.py`'[0m[2ms computation[0m[2m of[0m[2m `items[0m[2m_sold[0m[2m`?[0m[2m `[0m[2mmain.py[0m[2m` computes[0m[2m it[0m[2m after all[0m[2m `checkout[0m[2m` cor[0m[2moutines complete[0m[2m. Since[0m[2m `[0m[2mcheckout`[0m[2m is[0m[2m async and[0m[2m we're[0m[2m using[0m[2m `async[0m[2mio.g[0m[2mather`,[0m[2m all tasks[0m[2m complete[0m[2m before we[0m[2m compute[0m[2m `items[0m[2m_sold[0m[2m`. So[0m[2m there's[0m[2m no race[0m[2m there[0m[2m.
     
     Wait[0m[2m, I[0m[2m just realized[0m[2m:[0m[2m what[0m[2m if `[0m[2mincrement[0m[2m` and[0m[2m `de[0m[2mcrement`[0m[2m are called[0m[2m concurrently?[0m[2m In my[0m[2m fix,[0m[2m both[0m[2m are protected[0m[2m by the[0m[2m same lock[0m[2m, so[0m[2m they're serialized[0m[2m. Good[0m[2m.
     
     One[0m[2m more edge[0m[2m case:[0m[2m what if[0m[2m a[0m[2m task[0m[2m decre[0m[2mments,[0m[2m then another[0m[2m task tries[0m[2m to check[0m[2m stock[0m[2m? In[0m[2m my[0m[2m current[0m[2m `inventory[0m[2m.py`,[0m[2m `check[0m[2m_stock`[0m[2m is NOT[0m[2m protected by[0m[2m the lock[0m[2m. So[0m[2m if task[0m[2m A is[0m[2m in[0m[2m the[0m[2m middle of[0m[2m `de[0m[2mcrement`[0m[2m (holding[0m[2m the lock[0m[2m), task[0m[2m B calls[0m[2m `check[0m[2m_stock`[0m[2m and sees[0m[2m the old[0m[2m stock value[0m[2m. But[0m[2m since we're[0m[2m not[0m[2m using `[0m[2mcheck_stock[0m[2m` in[0m[2m `checkout[0m[2m.py`,[0m[2m this doesn't[0m[2m affect[0m[2m correctness[0m[2m.
     
     However[0m[2m, `[0m[2mmain[0m[2m.py`[0m[2m prints[0m[2m `inventory[0m[2m.stock`[0m[2m directly[0m[2m ([0m[2mvia[0m[2m the property[0m[2m). The[0m[2m property access[0m[2m is synchronous[0m[2m and not[0m[2m protected by[0m[2m the async[0m[2m lock.[0m[2m Could[0m[2m there[0m[2m be a[0m[2m race where[0m[2m a[0m[2m task is[0m[2m in the[0m[2m middle of[0m[2m `de[0m[2mcrement`[0m[2m (between[0m[2m `await[0m[2m asyncio.sleep[0m[2m(0[0m[2m.02[0m[2m)` and[0m[2m `self[0m[2m._stock[0m[2m -= quantity[0m[2m`) and[0m[2m `main[0m[2m.py`[0m[2m reads `[0m[2minventory[0m[2m.stock`[0m[2m?[0m[2m No,[0m[2m because `[0m[2mmain.py[0m[2m` reads[0m[2m `inventory[0m[2m.stock`[0m[2m after all[0m[2m tasks[0m[2m complete[0m[2m.[0m[2m
     
     Actually wait[0m[2m -[0m[2m `inventory[0m[2m.stock[0m[2m` is[0m[2m accessed inside[0m[2m `de[0m[2mcrement`[0m[2m too[0m[2m?[0m[2m No,[0m[2m it's accessed[0m[2m by[0m[2m `main[0m[2m.py`[0m[2m after `[0m[2masyncio[0m[2m.gather[0m[2m`. So[0m[2m it's fine[0m[2m.
     
     But[0m[2m what[0m[2m if someone[0m[2m accesses `[0m[2minventory.stock[0m[2m` while[0m[2m tasks[0m[2m are running[0m[2m? That[0m[2m could[0m[2m show[0m[2m stale[0m[2m values.[0m[2m To[0m[2m be[0m[2m safe[0m[2m, I[0m[2m could protect[0m[2m the property[0m[2m access[0m[2m too[0m[2m, but[0m[2m properties can't[0m[2m be async[0m[2m.[0m[2m So that's[0m[2m fine.[0m[2m
     
     Let me[0m[2m now[0m[2m implement[0m[2m the fix[0m[2m.[0m[2m
     
     Actually,[0m[2m I[0m[2m want to[0m[2m double-check[0m[2m one thing[0m[2m. In[0m[2m the[0m[2m original `[0m[2minventory[0m[2m.py`,[0m[2m `de[0m[2mcrement`[0m[2m had[0m[2m:[0m[2m
     ```python[0m[2m
     async[0m[2m def decrement[0m[2m(self,[0m[2m quantity:[0m[2m int)[0m[2m -> bool[0m[2m:[0m[2m
         await asyncio[0m[2m.sleep([0m[2m0.[0m[2m02)[0m[2m
         if[0m[2m self._[0m[2mstock >=[0m[2m quantity:[0m[2m
             self[0m[2m._stock[0m[2m -= quantity[0m[2m
             return True[0m[2m
         return False[0m[2m
     ```[0m[2m
     
     And I[0m[2m said this[0m[2m is atomic[0m[2m in asyncio[0m[2m because there's[0m[2m no `[0m[2mawait`[0m[2m between the[0m[2m check and[0m[2m the modify[0m[2m. But[0m[2m what[0m[2m about[0m[2m `main[0m[2m.py`'[0m[2ms check[0m[2m:[0m[2m
     ```python[0m[2m
     if[0m[2m inventory.stock[0m[2m <[0m[2m 0:[0m[2m
         print[0m[2m("ERROR[0m[2m: Inventory[0m[2m went negative[0m[2m!")
     ```[0m[2m
     
     Could[0m[2m `[0m[2minventory.stock[0m[2m` ever[0m[2m be negative[0m[2m? As[0m[2m I showed[0m[2m, with[0m[2m asyncio[0m[2m, `[0m[2mdecrement[0m[2m` won't[0m[2m make[0m[2m it[0m[2m negative because[0m[2m the check[0m[2m and[0m[2m modify[0m[2m are in[0m[2m the same[0m[2m task[0m[2m execution[0m[2m slice[0m[2m. But[0m[2m the[0m[2m problem says[0m[2m it does[0m[2m go[0m[2m negative.[0m[2m Let me[0m[2m try one[0m[2m more thing[0m[2m -[0m[2m maybe with[0m[2m `[0m[2masyncio[0m[2m.create_task[0m[2m` and[0m[2m very[0m[2m small[0m[2m/zero[0m[2m sleeps[0m[2m, the[0m[2m event loop[0m[2m processes[0m[2m things[0m[2m differently?[0m[2m
     
     Let[0m[2m me try[0m[2m with `[0m[2masyncio[0m[2m.sleep([0m[2m0)[0m[2m`:[0m[2m
  🔄 Prepare tool parameters...[0m[2m
  🧰 functions.Shell:11 | Shell {'command': 'python -c "\nimport asyncio\n...', 'description': 'Test with asyncio.sleep(0) ...'}
[0m  [2mfinal stock: -3
[0m[2m
  🔠 functions.Shell:11 Executed
[0m[2m
  🧠 A[0m[2mha![0m[2m There it[0m[2m is.[0m[2m The[0m[2m negative[0m[2m inventory DOES[0m[2m happen when[0m[2m there's[0m[2m an `[0m[2mawait`[0m[2m between the[0m[2m check and[0m[2m the modify[0m[2m. In[0m[2m the original[0m[2m `inventory[0m[2m.py`[0m[2m `de[0m[2mcrement`,[0m[2m there's NO[0m[2m await[0m[2m between the[0m[2m check and[0m[2m modify.[0m[2m But the[0m[2m problem[0m[2m says[0m[2m inventory[0m[2m goes negative[0m[2m,[0m[2m and[0m[2m the[0m[2m checkout[0m[2m flow[0m[2m itself[0m[2m allows[0m[2m TO[0m[2mCT[0m[2mOU.[0m[2m
     
     But[0m[2m in[0m[2m my test[0m[2m, I[0m[2m showed[0m[2m that if[0m[2m we[0m[2m add[0m[2m an `[0m[2mawait asyncio[0m[2m.sleep([0m[2m0)`[0m[2m between the[0m[2m check and[0m[2m modify,[0m[2m we get[0m[2m negative stock[0m[2m. The[0m[2m original code[0m[2m doesn't have[0m[2m this[0m[2m. However[0m[2m, the[0m[2m fact[0m[2m that the[0m[2m problem mentions[0m[2m it suggests[0m[2m we[0m[2m should add[0m[2m locks anyway[0m[2m.
     
     Actually[0m[2m, maybe[0m[2m the negative[0m[2m inventory in[0m[2m the problem[0m[2m is from[0m[2m a[0m[2m different scenario[0m[2m -[0m[2m maybe if[0m[2m someone[0m[2m uses[0m[2m `Inventory[0m[2m` with[0m[2m threads,[0m[2m or maybe[0m[2m the original[0m[2m code is[0m[2m different from[0m[2m what I[0m[2m read.[0m[2m But[0m[2m regardless[0m[2m, adding[0m[2m locks makes[0m[2m it safe[0m[2m.
     
     Now[0m[2m let me[0m[2m implement the[0m[2m fixes[0m[2m.[0m[2m
     
     For[0m[2m `inventory[0m[2m.py`:[0m[2m
     - Add[0m[2m `async[0m[2mio.Lock[0m[2m`
     -[0m[2m Protect `[0m[2mdecrement[0m[2m`, `[0m[2mincrement`,[0m[2m and `[0m[2mcheck_stock[0m[2m` with[0m[2m the lock[0m[2m
     
     For[0m[2m `payments[0m[2m.py`:[0m[2m
     - Add[0m[2m `async[0m[2mio.Lock[0m[2m`[0m[2m and a[0m[2m set of[0m[2m charged order[0m[2m IDs[0m[2m
     -[0m[2m Protect `[0m[2mcharge`[0m[2m with the[0m[2m lock,[0m[2m check for[0m[2m duplicates[0m[2m
     
     For `[0m[2mcheckout.py[0m[2m`:
     -[0m[2m Remove[0m[2m `check[0m[2m_stock`[0m[2m ([0m[2mracy[0m[2m)
     -[0m[2m Decrement[0m[2m first[0m[2m
     - If[0m[2m decrement[0m[2m fails[0m[2m, return[0m[2m False[0m[2m
     - If[0m[2m decrement[0m[2m succeeds,[0m[2m charge[0m[2m
     - If[0m[2m charge fails[0m[2m, increment[0m[2m back[0m[2m
     -[0m[2m If charge[0m[2m succeeds,[0m[2m return True[0m[2m
     
     Let[0m[2m me write[0m[2m these[0m[2m changes[0m[2m.[0m[2m
  🔄 Prepare tool parameters...[0m[2m
  🧰 functions.Edit:12 | Edit {'path': 'inventory.py', 'old_text': 'import asyncio\n\n\nclass Inve...', 'new_text': 'import asyncio\n\n\nclass Inve...'}
[0m  ✓ LSP server 'pyright' started for /Users/gofrendigunawan/llm-challenges
[2m
  🔠 functions.Edit:12 Executed
[0m[2m
  🧠 Now[0m[2m let me[0m[2m update payments[0m[2m.py to[0m[2m add duplicate[0m[2m charge[0m[2m prevention[0m[2m and a[0m[2m lock.[0m[2m
  🔄 Prepare tool parameters...[0m[2m
  🧰 functions.Edit:13 | Edit {'path': 'payments.py', 'old_text': 'import asyncio\nimport rando...', 'new_text': 'import asyncio\nimport rando...'}
[0m[2m
  🔠 functions.Edit:13 Executed
[0m[2m
  🧠 Now[0m[2m let me[0m[2m update checkout[0m[2m.py to[0m[2m fix[0m[2m the race[0m[2m condition and[0m[2m ghost charge[0m[2m issues[0m[2m by[0m[2m decrementing[0m[2m inventory first[0m[2m, then[0m[2m charging,[0m[2m and restoring[0m[2m inventory if[0m[2m charge[0m[2m fails.[0m[2m
  🔄 Prepare tool parameters...[0m[2m
  🧰 functions.Edit:14 | Edit {'path': 'checkout.py', 'old_text': 'import asyncio\nfrom invento...', 'new_text': 'import asyncio\nfrom invento...'}
[0m[2m
  🔠 functions.Edit:14 Executed
[0m[2m
  🧠 Let[0m[2m me run[0m[2m the simulation[0m[2m to verify[0m[2m the fixes[0m[2m work correctly[0m[2m.[0m[2m
  🔄 Prepare tool parameters...[0m[2m
  🧰 functions.Shell:15 | Shell {'command': 'for i in {1..20}; do python...', 'description': 'Run simulation 20 times to ...'}
[0m  [2mStarting simulation: 12 concurrent orders, stock=5
[0m  [2mOrder order_2: SUCCESS
[0m  [2mOrder order_3: SUCCESS
[0m  [2mOrder order_5: out of stock
[0m  [2mOrder order_4: SUCCESS
[0m  [2mOrder order_6: out of stock
[0m  [2mOrder order_7: out of stock
[0m  [2mOrder order_8: out of stock
[0m  [2mOrder order_9: out of stock
[0m  [2mOrder order_10: out of stock
[0m  [2mOrder order_11: out of stock
[0m  [2mOrder order_0: payment failed
[0m  [2mOrder order_1: payment failed
[0m  [2m
[0m  [2m=== Results ===
[0m  [2mSuccessful orders:  3
[0m  [2mItems sold:         3  (initial stock: 5)
[0m  [2mRemaining stock:    2
[0m  [2mTotal charged:      $300.00
[0m  [2mExpected charge:    $300.00
[0m  [2mDuplicate charges:  0
[0m  [2m---
[0m  [2mStarting simulation: 12 concurrent orders, stock=5
[0m  [2mOrder order_0: SUCCESS
[0m  [2mOrder order_1: SUCCESS
[0m  [2mOrder order_2: SUCCESS
[0m  [2mOrder order_3: SUCCESS
[0m  [2mOrder order_5: out of stock
[0m  [2mOrder order_6: out of stock
[0m  [2mOrder order_7: out of stock
[0m  [2mOrder order_8: out of stock
[0m  [2mOrder order_9: out of stock
[0m  [2mOrder order_10: out of stock
[0m  [2mOrder order_11: out of stock
[0m  [2mOrder order_4: payment failed
[0m  [2m
[0m  [2m=== Results ===
[0m  [2mSuccessful orders:  4
[0m  [2mItems sold:         4  (initial stock: 5)
[0m  [2mRemaining stock:    1
[0m  [2mTotal charged:      $400.00
[0m  [2mExpected charge:    $400.00
[0m  [2mDuplicate charges:  0
[0m  [2m---
[0m  [2mStarting simulation: 12 concurrent orders, stock=5
[0m  [2mOrder order_0: SUCCESS
[0m  [2mOrder order_1: SUCCESS
[0m  [2mOrder order_2: SUCCESS
[0m  [2mOrder order_3: SUCCESS
[0m  [2mOrder order_5: out of stock
[0m  [2mOrder order_4: SUCCESS
[0m  [2mOrder order_6: out of stock
[0m  [2mOrder order_7: out of stock
[0m  [2mOrder order_8: out of stock
[0m  [2mOrder order_9: out of stock
[0m  [2mOrder order_10: out of stock
[0m  [2mOrder order_11: out of stock
[0m  [2m
[0m  [2m=== Results ===
[0m  [2mSuccessful orders:  5
[0m  [2mItems sold:         5  (initial stock: 5)
[0m  [2mRemaining stock:    0
[0m  [2mTotal charged:      $500.00
[0m  [2mExpected charge:    $500.00
[0m  [2mDuplicate charges:  0
[0m  [2m---
[0m  [2mStarting simulation: 12 concurrent orders, stock=5
[0m  [2mOrder order_1: SUCCESS
[0m  [2mOrder order_2: SUCCESS
[0m  [2mOrder order_3: SUCCESS
[0m  [2mOrder order_5: out of stock
[0m  [2mOrder order_4: SUCCESS
[0m  [2mOrder order_6: out of stock
[0m  [2mOrder order_7: out of stock
[0m  [2mOrder order_8: out of stock
[0m  [2mOrder order_9: out of stock
[0m  [2mOrder order_10: out of stock
[0m  [2mOrder order_11: out of stock
[0m  [2mOrder order_0: payment failed
[0m  [2m
[0m  [2m=== Results ===
[0m  [2mSuccessful orders:  4
[0m  [2mItems sold:         4  (initial stock: 5)
[0m  [2mRemaining stock:    1
[0m  [2mTotal charged:      $400.00
[0m  [2mExpected charge:    $400.00
[0m  [2mDuplicate charges:  0
[0m  [2m---
[0m  [2mStarting simulation: 12 concurrent orders, stock=5
[0m  [2mOrder order_1: SUCCESS
[0m  [2mOrder order_2: SUCCESS
[0m  [2mOrder order_3: SUCCESS
[0m  [2mOrder order_5: out of stock
[0m  [2mOrder order_4: SUCCESS
[0m  [2mOrder order_6: out of stock
[0m  [2mOrder order_7: out of stock
[0m  [2mOrder order_8: out of stock
[0m  [2mOrder order_9: out of stock
[0m  [2mOrder order_10: out of stock
[0m  [2mOrder order_11: out of stock
[0m  [2mOrder order_0: payment failed
[0m  [2m
[0m  [2m=== Results ===
[0m  [2mSuccessful orders:  4
[0m  [2mItems sold:         4  (initial stock: 5)
[0m  [2mRemaining stock:    1
[0m  [2mTotal charged:      $400.00
[0m  [2mExpected charge:    $400.00
[0m  [2mDuplicate charges:  0
[0m  [2m---
[0m  [2mStarting simulation: 12 concurrent orders, stock=5
[0m  [2mOrder order_0: SUCCESS
[0m  [2mOrder order_1: SUCCESS
[0m  [2mOrder order_2: SUCCESS
[0m  [2mOrder order_5: out of stock
[0m  [2mOrder order_4: SUCCESS
[0m  [2mOrder order_6: out of stock
[0m  [2mOrder order_7: out of stock
[0m  [2mOrder order_8: out of stock
[0m  [2mOrder order_9: out of stock
[0m  [2mOrder order_10: out of stock
[0m  [2mOrder order_11: out of stock
[0m  [2mOrder order_3: payment failed
[0m  [2m
[0m  [2m=== Results ===
[0m  [2mSuccessful orders:  4
[0m  [2mItems sold:         4  (initial stock: 5)
[0m  [2mRemaining stock:    1
[0m  [2mTotal charged:      $400.00
[0m  [2mExpected charge:    $400.00
[0m  [2mDuplicate charges:  0
[0m  [2m---
[0m  [2mStarting simulation: 12 concurrent orders, stock=5
[0m  [2mOrder order_0: SUCCESS
[0m  [2mOrder order_1: SUCCESS
[0m  [2mOrder order_2: SUCCESS
[0m  [2mOrder order_5: out of stock
[0m  [2mOrder order_4: SUCCESS
[0m  [2mOrder order_6: out of stock
[0m  [2mOrder order_7: out of stock
[0m  [2mOrder order_8: out of stock
[0m  [2mOrder order_9: out of stock
[0m  [2mOrder order_10: out of stock
[0m  [2mOrder order_11: out of stock
[0m  [2mOrder order_3: payment failed
[0m  [2m
[0m  [2m=== Results ===
[0m  [2mSuccessful orders:  4
[0m  [2mItems sold:         4  (initial stock: 5)
[0m  [2mRemaining stock:    1
[0m  [2mTotal charged:      $400.00
[0m  [2mExpected charge:    $400.00
[0m  [2mDuplicate charges:  0
[0m  [2m---
[0m  [2mStarting simulation: 12 concurrent orders, stock=5
[0m  [2mOrder order_1: SUCCESS
[0m  [2mOrder order_2: SUCCESS
[0m  [2mOrder order_3: SUCCESS
[0m  [2mOrder order_5: out of stock
[0m  [2mOrder order_6: out of stock
[0m  [2mOrder order_7: out of stock
[0m  [2mOrder order_8: out of stock
[0m  [2mOrder order_9: out of stock
[0m  [2mOrder order_10: out of stock
[0m  [2mOrder order_11: out of stock
[0m  [2mOrder order_0: payment failed
[0m  [2mOrder order_4: payment failed
[0m  [2m
[0m  [2m=== Results ===
[0m  [2mSuccessful orders:  3
[0m  [2mItems sold:         3  (initial stock: 5)
[0m  [2mRemaining stock:    2
[0m  [2mTotal charged:      $300.00
[0m  [2mExpected charge:    $300.00
[0m  [2mDuplicate charges:  0
[0m  [2m---
[0m  [2mStarting simulation: 12 concurrent orders, stock=5
[0m  [2mOrder order_0: SUCCESS
[0m  [2mOrder order_2: SUCCESS
[0m  [2mOrder order_3: SUCCESS
[0m  [2mOrder order_5: out of stock
[0m  [2mOrder order_4: SUCCESS
[0m  [2mOrder order_6: out of stock
[0m  [2mOrder order_7: out of stock
[0m  [2mOrder order_8: out of stock
[0m  [2mOrder order_9: out of stock
[0m  [2mOrder order_10: out of stock
[0m  [2mOrder order_11: out of stock
[0m  [2mOrder order_1: payment failed
[0m  [2m
[0m  [2m=== Results ===
[0m  [2mSuccessful orders:  4
[0m  [2mItems sold:         4  (initial stock: 5)
[0m  [2mRemaining stock:    1
[0m  [2mTotal charged:      $400.00
[0m  [2mExpected charge:    $400.00
[0m  [2mDuplicate charges:  0
[0m  [2m---
[0m  [2mStarting simulation: 12 concurrent orders, stock=5
[0m  [2mOrder order_0: SUCCESS
[0m  [2mOrder order_1: SUCCESS
[0m  [2mOrder order_2: SUCCESS
[0m  [2mOrder order_3: SUCCESS
[0m  [2mOrder order_5: out of stock
[0m  [2mOrder order_6: out of stock
[0m  [2mOrder order_7: out of stock
[0m  [2mOrder order_8: out of stock
[0m  [2mOrder order_9: out of stock
[0m  [2mOrder order_10: out of stock
[0m  [2mOrder order_11: out of stock
[0m  [2mOrder order_4: payment failed
[0m  [2m
[0m  [2m=== Results ===
[0m  [2mSuccessful orders:  4
[0m  [2mItems sold:         4  (initial stock: 5)
[0m  [2mRemaining stock:    1
[0m  [2mTotal charged:      $400.00
[0m  [2mExpected charge:    $400.00
[0m  [2mDuplicate charges:  0
[0m  [2m---
[0m  [2mStarting simulation: 12 concurrent orders, stock=5
[0m  [2mOrder order_0: SUCCESS
[0m  [2mOrder order_1: SUCCESS
[0m  [2mOrder order_3: SUCCESS
[0m  [2mOrder order_5: out of stock
[0m  [2mOrder order_4: SUCCESS
[0m  [2mOrder order_6: out of stock
[0m  [2mOrder order_7: out of stock
[0m  [2mOrder order_8: out of stock
[0m  [2mOrder order_9: out of stock
[0m  [2mOrder order_10: out of stock
[0m  [2mOrder order_11: out of stock
[0m  [2mOrder order_2: payment failed
[0m  [2m
[0m  [2m=== Results ===
[0m  [2mSuccessful orders:  4
[0m  [2mItems sold:         4  (initial stock: 5)
[0m  [2mRemaining stock:    1
[0m  [2mTotal charged:      $400.00
[0m  [2mExpected charge:    $400.00
[0m  [2mDuplicate charges:  0
[0m  [2m---
[0m  [2mStarting simulation: 12 concurrent orders, stock=5
[0m  [2mOrder order_0: SUCCESS
[0m  [2mOrder order_3: SUCCESS
[0m  [2mOrder order_5: out of stock
[0m  [2mOrder order_6: out of stock
[0m  [2mOrder order_7: out of stock
[0m  [2mOrder order_8: out of stock
[0m  [2mOrder order_9: out of stock
[0m  [2mOrder order_10: out of stock
[0m  [2mOrder order_11: out of stock
[0m  [2mOrder order_1: payment failed
[0m  [2mOrder order_2: payment failed
[0m  [2mOrder order_4: payment failed
[0m  [2m
[0m  [2m=== Results ===
[0m  [2mSuccessful orders:  2
[0m  [2mItems sold:         2  (initial stock: 5)
[0m  [2mRemaining stock:    3
[0m  [2mTotal charged:      $200.00
[0m  [2mExpected charge:    $200.00
[0m  [2mDuplicate charges:  0
[0m  [2m---
[0m  [2mStarting simulation: 12 concurrent orders, stock=5
[0m  [2mOrder order_0: SUCCESS
[0m  [2mOrder order_1: SUCCESS
[0m  [2mOrder order_2: SUCCESS
[0m  [2mOrder order_3: SUCCESS
[0m  [2mOrder order_5: out of stock
[0m  [2mOrder order_6: out of stock
[0m  [2mOrder order_7: out of stock
[0m  [2mOrder order_8: out of stock
[0m  [2mOrder order_9: out of stock
[0m  [2mOrder order_10: out of stock
[0m  [2mOrder order_11: out of stock
[0m  [2mOrder order_4: payment failed
[0m  [2m
[0m  [2m=== Results ===
[0m  [2mSuccessful orders:  4
[0m  [2mItems sold:         4  (initial stock: 5)
[0m  [2mRemaining stock:    1
[0m  [2mTotal charged:      $400.00
[0m  [2mExpected charge:    $400.00
[0m  [2mDuplicate charges:  0
[0m  [2m---
[0m  [2mStarting simulation: 12 concurrent orders, stock=5
[0m  [2mOrder order_0: SUCCESS
[0m  [2mOrder order_1: SUCCESS
[0m  [2mOrder order_2: SUCCESS
[0m  [2mOrder order_3: SUCCESS
[0m  [2mOrder order_5: out of stock
[0m  [2mOrder order_4: SUCCESS
[0m  [2mOrder order_6: out of stock
[0m  [2mOrder order_7: out of stock
[0m  [2mOrder order_8: out of stock
[0m  [2mOrder order_9: out of stock
[0m  [2mOrder order_10: out of stock
[0m  [2mOrder order_11: out of stock
[0m  [2m
[0m  [2m=== Results ===
[0m  [2mSuccessful orders:  5
[0m  [2mItems sold:         5  (initial stock: 5)
[0m  [2mRemaining stock:    0
[0m  [2mTotal charged:      $500.00
[0m  [2mExpected charge:    $500.00
[0m  [2mDuplicate charges:  0
[0m  [2m---
[0m  [2mStarting simulation: 12 concurrent orders, stock=5
[0m  [2mOrder order_0: SUCCESS
[0m  [2mOrder order_1: SUCCESS
[0m  [2mOrder order_3: SUCCESS
[0m  [2mOrder order_5: out of stock
[0m  [2mOrder order_4: SUCCESS
[0m  [2mOrder order_6: out of stock
[0m  [2mOrder order_7: out of stock
[0m  [2mOrder order_8: out of stock
[0m  [2mOrder order_9: out of stock
[0m  [2mOrder order_10: out of stock
[0m  [2mOrder order_11: out of stock
[0m  [2mOrder order_2: payment failed
[0m  [2m
[0m  [2m=== Results ===
[0m  [2mSuccessful orders:  4
[0m  [2mItems sold:         4  (initial stock: 5)
[0m  [2mRemaining stock:    1
[0m  [2mTotal charged:      $400.00
[0m  [2mExpected charge:    $400.00
[0m  [2mDuplicate charges:  0
[0m  [2m---
[0m  [2mStarting simulation: 12 concurrent orders, stock=5
[0m  [2mOrder order_1: SUCCESS
[0m  [2mOrder order_3: SUCCESS
[0m  [2mOrder order_5: out of stock
[0m  [2mOrder order_6: out of stock
[0m  [2mOrder order_7: out of stock
[0m  [2mOrder order_8: out of stock
[0m  [2mOrder order_9: out of stock
[0m  [2mOrder order_10: out of stock
[0m  [2mOrder order_11: out of stock
[0m  [2mOrder order_0: payment failed
[0m  [2mOrder order_2: payment failed
[0m  [2mOrder order_4: payment failed
[0m  [2m
[0m  [2m=== Results ===
[0m  [2mSuccessful orders:  2
[0m  [2mItems sold:         2  (initial stock: 5)
[0m  [2mRemaining stock:    3
[0m  [2mTotal charged:      $200.00
[0m  [2mExpected charge:    $200.00
[0m  [2mDuplicate charges:  0
[0m  [2m---
[0m  [2mStarting simulation: 12 concurrent orders, stock=5
[0m  [2mOrder order_0: SUCCESS
[0m  [2mOrder order_1: SUCCESS
[0m  [2mOrder order_2: SUCCESS
[0m  [2mOrder order_5: out of stock
[0m  [2mOrder order_6: out of stock
[0m  [2mOrder order_7: out of stock
[0m  [2mOrder order_8: out of stock
[0m  [2mOrder order_9: out of stock
[0m  [2mOrder order_10: out of stock
[0m  [2mOrder order_11: out of stock
[0m  [2mOrder order_3: payment failed
[0m  [2mOrder order_4: payment failed
[0m  [2m
[0m  [2m=== Results ===
[0m  [2mSuccessful orders:  3
[0m  [2mItems sold:         3  (initial stock: 5)
[0m  [2mRemaining stock:    2
[0m  [2mTotal charged:      $300.00
[0m  [2mExpected charge:    $300.00
[0m  [2mDuplicate charges:  0
[0m  [2m---
[0m  [2mStarting simulation: 12 concurrent orders, stock=5
[0m  [2mOrder order_0: SUCCESS
[0m  [2mOrder order_1: SUCCESS
[0m  [2mOrder order_2: SUCCESS
[0m  [2mOrder order_3: SUCCESS
[0m  [2mOrder order_5: out of stock
[0m  [2mOrder order_4: SUCCESS
[0m  [2mOrder order_6: out of stock
[0m  [2mOrder order_7: out of stock
[0m  [2mOrder order_8: out of stock
[0m  [2mOrder order_9: out of stock
[0m  [2mOrder order_10: out of stock
[0m  [2mOrder order_11: out of stock
[0m  [2m
[0m  [2m=== Results ===
[0m  [2mSuccessful orders:  5
[0m  [2mItems sold:         5  (initial stock: 5)
[0m  [2mRemaining stock:    0
[0m  [2mTotal charged:      $500.00
[0m  [2mExpected charge:    $500.00
[0m  [2mDuplicate charges:  0
[0m  [2m---
[0m  [2mStarting simulation: 12 concurrent orders, stock=5
[0m  [2mOrder order_0: SUCCESS
[0m  [2mOrder order_1: SUCCESS
[0m  [2mOrder order_2: SUCCESS
[0m  [2mOrder order_5: out of stock
[0m  [2mOrder order_4: SUCCESS
[0m  [2mOrder order_6: out of stock
[0m  [2mOrder order_7: out of stock
[0m  [2mOrder order_8: out of stock
[0m  [2mOrder order_9: out of stock
[0m  [2mOrder order_10: out of stock
[0m  [2mOrder order_11: out of stock
[0m  [2mOrder order_3: payment failed
[0m  [2m
[0m  [2m=== Results ===
[0m  [2mSuccessful orders:  4
[0m  [2mItems sold:         4  (initial stock: 5)
[0m  [2mRemaining stock:    1
[0m  [2mTotal charged:      $400.00
[0m  [2mExpected charge:    $400.00
[0m  [2mDuplicate charges:  0
[0m  [2m---
[0m  [2mStarting simulation: 12 concurrent orders, stock=5
[0m  [2mOrder order_0: SUCCESS
[0m  [2mOrder order_2: SUCCESS
[0m  [2mOrder order_5: out of stock
[0m  [2mOrder order_6: out of stock
[0m  [2mOrder order_7: out of stock
[0m  [2mOrder order_8: out of stock
[0m  [2mOrder order_9: out of stock
[0m  [2mOrder order_10: out of stock
[0m  [2mOrder order_11: out of stock
[0m  [2mOrder order_1: payment failed
[0m  [2mOrder order_3: payment failed
[0m  [2mOrder order_4: payment failed
[0m  [2m
[0m  [2m=== Results ===
[0m  [2mSuccessful orders:  2
[0m  [2mItems sold:         2  (initial stock: 5)
[0m  [2mRemaining stock:    3
[0m  [2mTotal charged:      $200.00
[0m  [2mExpected charge:    $200.00
[0m  [2mDuplicate charges:  0
[0m  [2m---
[0m[2m
  🔠 functions.Shell:15 Executed
[0m
[TIMEOUT after 600s]
